公司代號,公司名稱,產業別,基本每股盈餘(元),普通股每股面額,營業收入,營業利益,營業外收入及支出,稅後淨利
1101,台灣水泥股份有限公司,水泥工業,0.81,新台幣                 10.0000元,45893851,6002322,-247992,4234491
1102,亞洲水泥股份有限公司,水泥工業,0.59,新台幣                 10.0000元,28810785,2372867,216924,2094945
1103,嘉新水泥股份有限公司,水泥工業,-0.16,新台幣                 10.0000元,1058884,-51026,-11203,-85306
1104,環球水泥股份有限公司,水泥工業,1.04,新台幣                 10.0000元,2159763,83089,657663,665869
1108,幸福水泥股份有限公司,水泥工業,0.07,新台幣                 10.0000元,1762458,50147,-9337,28389
1109,信大水泥股份有限公司,水泥工業,0.42,新台幣                 10.0000元,2317812,240405,18416,226531
1110,東南水泥股份有限公司,水泥工業,-0.01,新台幣                 10.0000元,684516,-65456,74249,-10032
1201,味全食品工業股份有限公司,食品工業,0.1,新台幣                 10.0000元,7910364,-77028,344285,159425
1203,味王股份有限公司,食品工業,0.85,新台幣                 10.0000元,3076033,472932,144,339392
1210,大成長城企業股份有限公司,食品工業,1.29,新台幣                 10.0000元,36741067,1369647,-20298,1003128
1213,大西洋飲料股份有限公司,食品工業,-0.01,新台幣                 10.0000元,295034,-1060,2477,-313
1215,台灣卜蜂企業股份有限公司,食品工業,2.71,新台幣                 10.0000元,9578531,900599,43074,747061
1216,統一企業股份有限公司,食品工業,1.61,新台幣                 10.0000元,196218287,11924789,5076916,13940044
1217,愛之味股份有限公司,食品工業,-0.12,新台幣                 10.0000元,1864097,-35518,-15782,-54829
1218,泰山企業股份有限公司,食品工業,-0.01,新台幣                 10.0000元,3627794,-104206,101534,-3211
1219,福壽實業股份有限公司,食品工業,0.1,新台幣                 10.0000元,5344334,-42314,27061,-31482
1220,台榮產業股份有限公司,食品工業,0.18,新台幣                 10.0000元,1065176,31773,10233,34653
1225,福懋油脂股份有限公司,食品工業,0.7,新台幣                 10.0000元,5271568,232609,10800,189275
1227,佳格食品股份有限公司,食品工業,0.92,新台幣                 10.0000元,11996005,1128721,-66852,810506
1229,聯華實業股份有限公司,食品工業,1.18,新台幣                 10.0000元,2356886,250125,857693,1061897
1231,聯華食品工業股份有限公司,食品工業,0.93,新台幣                 10.0000元,3392046,161940,14809,141846
1232,大統益股份有限公司,食品工業,2.32,新台幣                 10.0000元,8449065,473753,-16649,377755
1233,天仁茶業股份有限公司,食品工業,0.94,新台幣                 10.0000元,1058278,104353,-1530,85390
1234,黑松股份有限公司,食品工業,0.4,新台幣                 10.0000元,4379515,-37878,253285,159497
1235,興泰實業股份有限公司,食品工業,1.76,新台幣                 10.0000元,24866,-19909,158752,103160
1236,宏亞食品股份有限公司,食品工業,-0.37,新台幣                 10.0000元,789840,-42316,3925,-40431
1256,鮮活控股股份有限公司,食品工業,5.11,新台幣                 10.0000元,1422166,219115,2210,139161
1262,綠悅控股有限公司,其他,4.1,新台幣                 10.0000元,3751433,887350,13658,670011
1301,台灣塑膠工業股份有限公司,塑膠工業,3.08,新台幣                 10.0000元,100161515,11025157,11397826,19601467
1303,南亞塑膠工業股份有限公司,塑膠工業,2.51,新台幣                 10.0000元,146781725,14176279,9842949,19572233
1304,台灣聚合化學品股份有限公司,塑膠工業,0.5,新台幣                 10.0000元,27864778,1740119,-119341,1221788
1305,華夏海灣塑膠股份有限公司,塑膠工業,1.28,新台幣                 10.0000元,7314601,890134,-53942,677967
1307,三芳化學工業股份有限公司,塑膠工業,1.47,新台幣                 10.0000元,5057423,810367,-67091,586142
1308,亞洲聚合股份有限公司,塑膠工業,0.63,新台幣                 10.0000元,3097143,284608,98282,324754
1309,台達化學工業股份有限公司,塑膠工業,0.08,新台幣                 10.0000元,9137300,78191,-30065,26322
1310,台灣苯乙烯工業股份有限公司,塑膠工業,1.02,新台幣                 10.0000元,7100331,589016,72955,518438
1312,國喬石油化學股份有限公司,塑膠工業,1.08,新台幣                 10.0000元,10965324,909861,471614,1026133
1313,聯成化學科技股份有限公司,塑膠工業,0.48,新台幣                 10.0000元,23081477,573654,135114,545509
1314,中國石油化學工業開發(股)公司,塑膠工業,1.85,新台幣                 10.0000元,16500501,1788475,2708663,4314310
1315,達新工業股份有限公司,塑膠工業,0.03,新台幣                 10.0000元,1368024,39267,-34066,4769
1316,上曜建設開發股份有限公司,化學工業,-0.65,新台幣                 10.0000元,325661,-75051,3975,-71178
1319,東陽實業廠股份有限公司,塑膠工業,1.85,新台幣                 10.0000元,11962025,1340364,137341,1137580
1321,大洋塑膠工業股份有限公司,塑膠工業,-0.49,新台幣                 10.0000元,2136407,-92718,318,-108241
1323,永裕塑膠工業股份有限公司,塑膠工業,1.15,新台幣                 10.0000元,1517630,183571,-13070,129788
1324,地球綜合工業股份有限公司,塑膠工業,0.82,新台幣                 10.0000元,578225,-12189,101774,61915
1325,琱j股份有限公司,塑膠工業,0.16,新台幣                 10.0000元,439275,33813,-15924,11979
1326,台灣化學纖維股份有限公司,塑膠工業,3.45,新台幣                 10.0000元,171427954,16531824,9878452,23412682
1337,亞洲塑膠再生資源控股有限公司,塑膠工業,0.48,新台幣                 10.0000元,2264759,135727,38160,128653
1338,廣華控股有限公司,汽車工業,4.29,新台幣                 10.0000元,3668617,448983,25874,350060
1339,昭輝實業股份有限公司,塑膠工業,1.3,新台幣                 10.0000元,1363096,258289,-121473,96633
1340,勝悅新材料有限公司,塑膠工業,2.94,新台幣                 10.0000元,1507944,390710,12179,338127
1402,遠東新世紀股份有限公司,紡織纖維,0.57,新台幣                 10.0000元,103289998,6598672,821206,5960930
1409,新光合成纖維股份有限公司,紡織纖維,0.2,新台幣                 10.0000元,17421680,--,--,364629
1410,南洋染整股份有限公司,紡織纖維,0.63,新台幣                 10.0000元,273271,62819,-654,50494
1413,宏洲纖維工業股份有限公司,紡織纖維,0.17,新台幣                 10.0000元,1578484,25249,-3097,22152
1414,東和紡織股份有限公司,紡織纖維,0.01,新台幣                 10.0000元,437773,5934,-2530,3129
1416,廣豐實業股份有限公司,紡織纖維,0.96,新台幣                 10.0000元,2041703,157722,25075,197816
1417,嘉裕股份有限公司,紡織纖維,-0.58,新台幣                 10.0000元,1111023,-234891,14906,-220111
1418,東華合纖股份有限公司,紡織纖維,-1.23,新台幣                 10.0000元,921931,-135868,-13328,-152542
1419,新光紡織股份有限公司,紡織纖維,-0.21,新台幣                 10.0000元,658200,-59070,-12625,-68037
1423,利華羊毛工業股份有限公司,紡織纖維,0.16,新台幣                 10.0000元,304489,891,29871,27935
1432,大魯閣實業股份有限公司,貿易百貨,-0.96,新台幣                 10.0000元,600015,-89349,-90256,-180755
1434,福懋興業股份有限公司,紡織纖維,1.84,新台幣                 10.0000元,21100166,1356700,2241924,3274742
1435,中福國際(股)公司,其他,0.02,新台幣                 10.0000元,16654,-2940,4890,1950
1436,華友聯開發股份有限公司(原福益),建材營造,1.16,新台幣                 10.0000元,981144,142169,-33068,88377
1437,勤益投資控股股份有限公司,半導體業,0.94,新台幣                 10.0000元,299308,165385,45150,182426
1438,裕豐國際開發股份有限公司,建材營造,-0.03,新台幣                 10.0000元,16,-4244,880,-3364
1439,中和羊毛工業股份有限公司,紡織纖維,-0.04,新台幣                 10.0000元,139087,-9716,6140,-3753
1440,臺南紡織股份有限公司,紡織纖維,0.23,新台幣                 10.0000元,10131181,233395,138912,335959
1441,大東紡織股份有限公司,紡織纖維,-1.6,新台幣                 10.0000元,827157,-76272,-23176,-99448
1442,名軒開發股份有限公司,建材營造,1.5,新台幣                 10.0000元,1875499,344987,34350,403307
1443,立益紡織股份有限公司,紡織纖維,-1.07,新台幣                 10.0000元,608786,-12279,-114436,-172386
1444,力麗企業股份有限公司,紡織纖維,-0.11,新台幣                 10.0000元,5213841,45330,-193683,-125502
1445,大宇紡織股份有限公司,紡織纖維,-0.03,新台幣                 10.0000元,785427,2777,-6194,-3627
1446,宏和精密紡織股份有限公司,紡織纖維,-0.18,新台幣                 10.0000元,254920,-28680,5153,-25487
1447,力鵬企業股份有限公司,紡織纖維,-0.39,新台幣                 10.0000元,7931343,-79609,-350050,-342038
1449,佳和實業股份有限公司,紡織纖維,-0.34,新台幣                 10.0000元,1402986,-36306,-2152,-38099
1451,年興紡織股份有限公司,紡織纖維,0.2,新台幣                 10.0000元,4914492,-30550,133684,78700
1452,宏益纖維工業股份有限公司,紡織纖維,0.86,新台幣                 10.0000元,1097188,134967,3939,114037
1453,大將開發股份有限公司,紡織纖維,-0.17,新台幣                 10.0000元,36165,-18073,2812,-15539
1454,台灣富綢纖維股份有限公司,紡織纖維,0.1,新台幣                 10.0000元,941293,21972,-6779,13017
1455,集盛實業股份有限公司,紡織纖維,0.01,新台幣                 10.0000元,7243494,10723,569,6876
1456,怡華實業股份有限公司,紡織纖維,-0.05,新台幣                 10.0000元,394747,11361,-9565,-4316
1457,宜進實業股份有限公司,紡織纖維,0.09,新台幣                 10.0000元,2480288,125691,-48321,58432
1459,聯發紡織纖維股份有限公司,紡織纖維,-0.18,新台幣                 10.0000元,1612501,-46775,-13801,-55842
1460,宏遠興業股份有限公司,紡織纖維,0.19,新台幣                 10.0000元,4113350,161450,-46180,82107
1463,強盛染整股份有限公司,紡織纖維,2.39,新台幣                 10.0000元,1101115,450381,42467,470407
1464,得力實業股份有限公司,紡織纖維,0.61,新台幣                 10.0000元,3633931,249974,-25671,200164
1465,偉全實業股份有限公司,紡織纖維,0.21,新台幣                 10.0000元,922391,7800,22520,32282
1466,聚隆纖維股份有限公司,紡織纖維,0.05,新台幣                 10.0000元,1863388,38869,-32385,5339
1467,南緯實業股份有限公司,紡織纖維,-0.49,新台幣                 10.0000元,3172174,-12412,-29952,-100892
1468,昶和纖維興業股份有限公司,紡織纖維,-0.12,新台幣                 10.0000元,345114,4125,-21013,-16888
1469,理隆纖維工業股份有限公司,紡織纖維,-0.36,新台幣                 10.0000元,136587,-15125,-29330,-44724
1470,大統精密染整股份有限公司,紡織纖維,0.25,新台幣                 10.0000元,366874,23695,1550,21071
1471,首利實業股份有限公司,電子零組件業,-1.09,新台幣                 10.0000元,506059,-179010,-45233,-229205
1472,三洋紡織纖維股份有限公司,紡織纖維,-0.31,新台幣                 10.0000元,317142,-21016,-2459,-23196
1473,台南企業股份有限公司,紡織纖維,0.26,新台幣                 10.0000元,4002295,11169,19038,16853
1474,弘裕企業股份有限公司,紡織纖維,0.38,新台幣                 10.0000元,1556957,104524,-42275,48396
1475,本盟光電股份有限公司,紡織纖維,-0.55,新台幣                 10.0000元,74974,-27822,-8576,-36327
1476,儒鴻企業股份有限公司,紡織纖維,3.94,新台幣                 10.0000元,11089230,1761234,-385093,1061084
1477,聚陽實業股份有限公司,紡織纖維,2.5,新台幣                 10.0000元,10218193,749110,-92065,523655
1503,士林電機廠股份有限公司,電機機械,1.31,新台幣                 10.0000元,10668201,790959,184658,715165
1504,東元電機股份有限公司,電機機械,0.82,新台幣                 10.0000元,24989428,1907960,325811,1848981
1506,正道工業股份有限公司,電機機械,0.18,新台幣                 10.0000元,698697,12318,-31340,26094
1507,永大機電工業股份有限公司,電機機械,1.74,新台幣                 10.0000元,8769338,969159,65787,722425
1512,瑞利企業股份有限公司,電機機械,-1.12,新台幣                 10.0000元,1287454,-179206,-21253,-204092
1513,中興電工機械股份有限公司,電機機械,0.48,新台幣                 10.0000元,5036686,182262,50859,209134
1514,亞力電機股份有限公司,電機機械,0.17,新台幣                 10.0000元,1536969,34770,2488,33617
1515,力山工業股份有限公司,電機機械,0.21,新台幣                 10.0000元,1869391,44401,-773,35875
1516,川飛能源股份有限公司,其他,0.39,新台幣                 10.0000元,395863,4137,7293,11382
1517,利奇機械工業股份有限公司,電機機械,-0.24,新台幣                 10.0000元,1391762,25647,31025,-63317
1519,華城電機股份有限公司,電機機械,0.36,新台幣                 10.0000元,2536708,99642,17423,94549
1521,大億交通工業製造股份有限公司,電機機械,3.45,新台幣                 10.0000元,2998828,245896,54244,263209
1522,堤維西交通工業股份有限公司,電機機械,1.52,新台幣                 10.0000元,8092795,412991,155624,473397
1524,耿鼎企業股份有限公司,電機機械,0.29,新台幣                 10.0000元,1292908,130604,-56076,52924
1525,江申工業股份有限公司,電機機械,3.7,新台幣                 10.0000元,595655,6149,299895,271517
1526,日馳企業股份有限公司,電機機械,0.7,新台幣                 10.0000元,558564,85998,-41429,34777
1527,鑽全實業股份有限公司,電機機械,-0.02,新台幣                 10.0000元,1936171,403826,-411849,-2534
1528,恩德科技股份有限公司,電機機械,0.15,新台幣                 10.0000元,1884775,18578,5936,25127
1529,樂士股份有限公司,電機機械,0.04,新台幣                 10.0000元,185102,8225,14252,22202
1530,亞崴機電股份有限公司,電機機械,0.42,新台幣                 10.0000元,2011047,121199,-45303,38272
1531,高林股份有限公司,電機機械,0.35,新台幣                 10.0000元,1116544,132719,-46346,65208
1532,勤美股份有限公司,電機機械,0.86,新台幣                 10.0000元,7408661,774649,55940,621884
1533,車王電子股份有限公司,電機機械,0.33,新台幣                 10.0000元,1143662,135179,-71389,32129
1535,中宇環保工程股份有限公司,電機機械,0.42,新台幣                 10.0000元,3939986,136602,-63671,51627
1536,和大工業股份有限公司,電機機械,2.42,新台幣                 10.0000元,3343034,736198,-83656,596080
1537,廣隆光電科技股份有限公司,電機機械,5.47,新台幣                 10.0000元,3701084,631881,-55143,451189
1538,正峰新能源股份有限公司,電機機械,-1.16,新台幣                 10.0000元,371322,-29733,-66551,-96284
1539,巨庭機械股份有限公司,電機機械,0.29,新台幣                 10.0000元,1477371,132794,-100713,19162
1540,喬福機械工業股份有限公司,電機機械,0.06,新台幣                 10.0000元,299668,44467,-35615,4839
1541,錩泰工業股份有限公司,電機機械,0.51,新台幣                 10.0000元,1675847,130248,-71837,40275
1558,伸興工業股份有限公司,電機機械,2.74,新台幣                 10.0000元,2661328,362583,-123343,168356
1560,中國砂輪企業股份有限公司,電機機械,2.45,新台幣                 10.0000元,2207733,438384,-18764,345695
1568,倉佑實業股份有限公司,電機機械,0.87,新台幣                 10.0000元,1656624,124372,-1793,89334
1582,信錦企業股份有限公司,電子零組件業,3.02,新台幣                 10.0000元,4385436,665151,14022,475585
1583,程泰機械股份有限公司,電機機械,0.88,新台幣                 10.0000元,3405689,287435,-102385,114087
1589,永冠能源科技集團有限公司,電機機械,2.28,新台幣                 10.0000元,3128520,263263,49258,260651
1590,亞德客國際集團,電機機械,9.01,新台幣                 10.0000元,6409430,2028494,105157,1612108
1592,英瑞國際股份有限公司,電機機械,1.51,新台幣                 10.0000元,3026744,285540,-56323,149823
1598,岱宇國際股份有限公司,生技醫療業,-1.47,新台幣                 10.0000元,1886536,428,-134374,-136815
1603,中華電線電纜股份有限公司,電器電纜,0.75,新台幣                 10.0000元,1245159,88613,64702,119185
1604,聲寶股份有限公司,電器電纜,0.56,新台幣                 10.0000元,4556763,87738,188600,269814
1605,華新麗華股份有限公司,電器電纜,0.45,新台幣                 10.0000元,75787000,1827453,262152,1524389
1608,華榮電線電纜股份有限公司,電器電纜,0.45,新台幣                 10.0000元,4304507,244448,46790,248365
1609,大亞電線電纜股份有限公司,電器電纜,0.23,新台幣                 10.0000元,7739865,252844,-62190,164831
1611,中國電器股份有限公司,電器電纜,-0.13,新台幣                 10.0000元,1299363,-13916,-44921,-53239
1612,宏泰電工股份有限公司,電器電纜,0.43,新台幣                 10.0000元,1804814,61217,82041,134582
1614,台灣三洋電機股份有限公司,電器電纜,0.37,新台幣                 10.0000元,2482884,99117,6630,95946
1615,大山電線電纜股份有限公司,電器電纜,0.47,新台幣                 10.0000元,1216105,57425,475,52922
1616,億泰電線電纜股份有限公司,電器電纜,0,新台幣                 10.0000元,1313319,-9041,8743,-298
1617,榮星電線工業股份有限公司,電器電纜,0.26,新台幣                 10.0000元,1506998,101051,-47686,37549
1618,合機電線電纜股份有限公司,電器電纜,0.25,新台幣                 10.0000元,1092171,63714,11858,60520
1626,艾美特(開曼)國際有限公司,電器電纜,1.35,新台幣                 10.0000元,6164758,212415,-6820,165036
1701,中國化學製藥股份有限公司,生技醫療業,0.53,新台幣                 10.0000元,3035606,150230,34208,154618
1702,南僑投資控股股份有限公司,食品工業,1.98,新台幣                 10.0000元,8021699,709238,18114,489274
1704,李長榮化學工業股份有限公司,化學工業,2.07,新台幣                 10.0000元,22289970,1755100,219445,1792852
1707,葡萄王生技股份有限公司,生技醫療業,4.3,新台幣                 10.0000元,4357336,950718,114066,821343
1708,東鹼股份有限公司,化學工業,1.16,新台幣                 10.0000元,1923773,269396,37341,235042
1709,和益化學工業股份有限公司,化學工業,0.83,新台幣                 10.0000元,4519003,515281,-25112,390305
1710,東聯化學股份有限公司,化學工業,0.53,新台幣                 10.0000元,13748738,1463326,-473087,792613
1711,臺灣永光化學工業股份有限公司,化學工業,0.27,新台幣                 10.0000元,4595060,194334,6053,146865
1712,興農股份有限公司,化學工業,0.9,新台幣                 10.0000元,8445978,438679,-38064,331371
1713,國泰化工廠股份有限公司,化學工業,0.31,新台幣                 10.0000元,312013,29167,22917,47493
1714,和桐化學股份有限公司,化學工業,0.13,新台幣                 10.0000元,15499128,340033,-92215,186598
1715,萬洲化學股份有限公司,塑膠工業,0.06,新台幣                 10.0000元,5299519,201443,-128267,43399
1717,長興材料工業股份有限公司,化學工業,0.68,新台幣                 10.0000元,19056637,725816,175820,759034
1718,中國人造纖維股份有限公司,化學工業,-0.03,新台幣                 10.0000元,17583007,--,--,1215494
1720,生達化學製藥股份有限公司,生技醫療業,0.89,新台幣                 10.0000元,1886110,256805,-2423,188819
1721,三晃股份有限公司,化學工業,0,新台幣                 10.0000元,1631015,29414,-32296,-376
1722,台灣肥料股份有限公司,化學工業,1,新台幣                 10.0000元,6064264,675008,501848,977504
1723,中鋼碳素化學股份有限公司,化學工業,2.3,新台幣                 10.0000元,3201689,586760,42544,553618
1724,台硝股份有限公司,化學工業,0.23,新台幣                 10.0000元,1099618,68590,-29401,29596
1725,元禎企業股份有限公司,化學工業,0.35,新台幣                 10.0000元,4976084,104138,-22230,63629
1726,永記造漆工業股份有限公司,化學工業,2.59,新台幣                 10.0000元,3661211,532068,-1621,419275
1727,臺灣中華化學工業股份有限公司,化學工業,0.26,新台幣                 10.0000元,1138892,40747,-5115,29632
1730,花仙子企業股份有限公司,化學工業,1.5,新台幣                 10.0000元,960954,106910,15432,92849
1731,美吾華股份有限公司,生技醫療業,0.31,新台幣                 10.0000元,773979,76497,-20619,40809
1732,毛寶股份有限公司,化學工業,-0.05,新台幣                 10.0000元,300443,-2470,290,-2317
1733,五鼎生物技術股份有限公司,生技醫療業,0.19,新台幣                 10.0000元,844791,56244,-34540,18285
1734,杏輝藥品工業股份有限公司,生技醫療業,0,新台幣                 10.0000元,1032077,-50242,578,-65012
1735,日勝化工股份有限公司,化學工業,0.08,新台幣                 10.0000元,1537663,31751,-9803,8412
1736,喬山健康科技股份有限公司,生技醫療業,-0.92,新台幣                 10.0000元,8486241,-437360,120673,-278473
1737,臺鹽實業股份有限公司,食品工業,0.9,新台幣                 10.0000元,1350169,226431,-10890,179436
1762,中化合成生技股份有限公司,生技醫療業,-0.31,新台幣                 10.0000元,464601,-12340,-12826,-24089
1773,勝一化工股份有限公司,化學工業,2.76,新台幣                 10.0000元,3329296,483292,24140,414606
1776,展宇科技材料股份有限公司,化學工業,0.61,新台幣                 10.0000元,967692,19324,61891,50878
1783,和康生物科技股份有限公司,生技醫療業,0.07,新台幣                 10.0000元,210533,7741,-3110,4595
1786,科妍生物科技股份有限公司,生技醫療業,-0.02,新台幣                 10.0000元,117429,5419,-6617,-1198
1789,台灣神隆股份有限公司,生技醫療業,0.33,新台幣                 10.0000元,1772642,307669,-36125,254544
1802,台灣玻璃工業股份有限公司,玻璃陶瓷,0.14,新台幣                 10.0000元,20379004,925559,-438443,379944
1805,寶徠建設股份有限公司,建材營造,-0.5,新台幣                 10.0000元,6987,-48905,8513,-40392
1806,冠軍建材股份有限公司,玻璃陶瓷,-0.36,新台幣                 10.0000元,2209412,-89470,-52545,-155388
1808,潤隆建設股份有限公司,建材營造,0.17,新台幣                 10.0000元,1227711,62964,-13214,41446
1809,中國製釉股份有限公司,玻璃陶瓷,-0.07,新台幣                 10.0000元,1106844,-69691,140801,22288
1810,和成欣業股份有限公司,玻璃陶瓷,0.13,新台幣                 10.0000元,2705755,45109,46281,43774
1817,凱撒衛浴股份有限公司,玻璃陶瓷,1.54,新台幣                 10.0000元,1060735,150646,4270,111921
1902,台灣紙業股份有限公司,造紙工業,0.23,新台幣                 10.0000元,1461888,117242,17636,100393
1903,士林紙業股份有限公司,造紙工業,-0.38,新台幣                 10.0000元,52841,-91037,-8452,-99489
1904,正隆股份有限公司,造紙工業,0.63,新台幣                 10.0000元,20810032,1113637,-199255,731225
1905,中華紙漿股份有限公司,造紙工業,0.27,新台幣                 10.0000元,10873219,383526,-2983,337795
1906,寶隆國際股份有限公司,造紙工業,1.92,新台幣                 10.0000元,690756,-1649,366734,278920
1907,永豐餘投資控股股份有限公司,造紙工業,0.27,新台幣                 10.0000元,31340433,1460866,-442199,725331
1909,榮成紙業股份有限公司,造紙工業,1.71,新台幣                 10.0000元,19413060,2419916,188618,1897202
2002,中國鋼鐵股份有限公司,鋼鐵工業,0.46,新台幣                 10.0000元,167849265,11637537,-1823717,8685904
2006,東和鋼鐵企業股份有限公司,鋼鐵工業,0.91,新台幣                 10.0000元,14540382,1040698,-10531,906389
2007,燁興企業股份有限公司,鋼鐵工業,-0.17,新台幣                 10.0000元,3977819,-7937,-98156,-106806
2008,高興昌鋼鐵股份有限公司,鋼鐵工業,-0.46,新台幣                 10.0000元,529923,-88511,-14659,-103170
2009,第一伸銅科技股份有限公司,鋼鐵工業,0.24,新台幣                 10.0000元,1466099,88274,14604,87647
2010,春源鋼鐵工業股份有限公司,鋼鐵工業,0.31,新台幣                 10.0000元,8547199,235039,57027,198806
2012,春雨工廠股份有限公司,鋼鐵工業,0.39,新台幣                 10.0000元,4350551,297534,-120355,142747
2013,中國鋼鐵結構股份有限公司,鋼鐵工業,0.14,新台幣                 10.0000元,8370602,55483,-19688,27226
2014,中鴻鋼鐵股份有限公司,鋼鐵工業,0.7,新台幣                 10.0000元,19487002,1035073,-26297,1007375
2015,豐興鋼鐵股份有限公司,鋼鐵工業,2.23,新台幣                 10.0000元,12392463,1494377,55765,1296124
2017,官田鋼鐵股份有限公司,鋼鐵工業,0.55,新台幣                 10.0000元,2015861,161911,48596,195232
2020,美亞鋼管廠股份有限公司,鋼鐵工業,0.86,新台幣                 10.0000元,2360838,276578,32572,233940
2022,聚亨企業股份有限公司,鋼鐵工業,-0.22,新台幣                 10.0000元,3463765,3303,-74759,-101451
2023,燁輝企業股份有限公司,鋼鐵工業,0.64,新台幣                 10.0000元,34451783,1428851,123524,1150349
2024,志聯工業股份有限公司,鋼鐵工業,0.47,新台幣                 10.0000元,662769,68842,-12648,45780
2025,千興不袗(股)公司,鋼鐵工業,-0.26,新台幣                 10.0000元,1607626,-66835,-6960,-73795
2027,大成不袗工業股份有限公司,鋼鐵工業,0.72,新台幣                 10.0000元,29042639,2048219,-817511,797573
2028,威致鋼鐵工業股份有限公司,鋼鐵工業,0.87,新台幣                 10.0000元,4371785,314998,-28071,282389
2029,盛餘股份有限公司,鋼鐵工業,1.71,新台幣                 10.0000元,6820224,735593,-28025,556031
2030,彰源企業股份有限公司,鋼鐵工業,1.06,新台幣                 10.0000元,6234334,472565,-93551,287082
2031,新光鋼鐵股份有限公司,鋼鐵工業,1.72,新台幣                 10.0000元,4438792,587090,50914,526840
2032,新鋼工業股份有限公司,鋼鐵工業,-0.2,新台幣                 10.0000元,1268684,-30628,619,-25994
2033,佳大世界股份有限公司,鋼鐵工業,0.1,新台幣                 10.0000元,382527,14534,-3217,8382
2034,允強實業股份有限公司,鋼鐵工業,1.04,新台幣                 10.0000元,10159090,580120,-72664,424828
2038,海光企業股份有限公司,鋼鐵工業,-0.28,新台幣                 10.0000元,2125393,-56697,16706,-69261
2049,上銀科技股份有限公司,電機機械,3.62,新台幣                 10.0000元,9402526,1168329,-61228,827956
2059,川湖科技股份有限公司,電子零組件業,2.67,新台幣                 10.0000元,2010568,840738,-371227,254550
2062,橋椿金屬股份有限公司,其他,1.16,新台幣                 10.0000元,3054996,281078,16964,187351
2069,運錩鋼鐵股份有限公司,鋼鐵工業,0.54,新台幣                 10.0000元,4312397,135100,-50926,70320
2101,南港輪胎股份有限公司,橡膠工業,0.51,新台幣                 10.0000元,5822993,497015,40846,410250
2102,泰豐輪胎股份有限公司,橡膠工業,-1.21,新台幣                 10.0000元,2772613,-173254,-383766,-553842
2103,台橡股份有限公司,橡膠工業,0.32,新台幣                 10.0000元,17121495,515695,-167596,183341
2104,中國合成橡膠股份有限公司,橡膠工業,2.22,新台幣                 10.0000元,9834438,1970161,22272,1317447
2105,正新橡膠工業股份有限公司,橡膠工業,1.12,新台幣                 10.0000元,57010127,5348682,-83315,3684972
2106,建大工業股份有限公司,橡膠工業,0.24,新台幣                 10.0000元,15105694,690767,-268884,209372
2107,厚生股份有限公司,橡膠工業,0.09,新台幣                 10.0000元,839806,140782,-99096,39043
2108,南帝化學工業股份有限公司,橡膠工業,0.62,新台幣                 10.0000元,5552951,444906,-51475,318839
2109,華豐橡膠工業股份有限公司,橡膠工業,0.07,新台幣                 10.0000元,2933652,116429,31953,96000
2114,鑫永銓股份有限公司,橡膠工業,1.52,新台幣                 10.0000元,716666,168422,-44855,102523
2115,六暉控股股份有限公司,橡膠工業,2.16,新台幣                 10.0000元,1342647,222559,-4342,160625
2201,裕隆汽車製造股份有限公司,汽車工業,0.75,新台幣                 10.0000元,47904072,1442314,568662,1303653
2204,中華汽車工業股份有限公司,汽車工業,1.67,新台幣                 10.0000元,22055121,1616887,1149627,2491368
2206,三陽工業股份有限公司,汽車工業,0.54,新台幣                 10.0000元,16102840,537980,40371,492491
2207,和泰汽車股份有限公司,汽車工業,9.83,新台幣                 10.0000元,91730282,--,--,6089445
2208,台灣國際造船股份有限公司,航運業,-3.57,新台幣                 10.0000元,8716919,-2996126,-127776,-2655705
2227,裕隆日產汽車股份有限公司,汽車工業,10.91,新台幣                 10.0000元,18718262,1344262,2597594,3272218
2228,劍麟股份有限公司,電機機械,2.77,新台幣                 10.0000元,2183662,339470,1468,210005
2231,為升電裝工業股份有限公司,電機機械,5.02,新台幣                 10.0000元,1720187,620222,-103162,449164
2236,百達精密工業股份有限公司,電機機械,1.51,新台幣                 10.0000元,1039391,102159,4429,74649
2239,開曼英利工業股份有限公司,汽車工業,4.52,新台幣                 10.0000元,8667189,971389,-124121,662007
2301,光寶科技股份有限公司,電腦及週邊設備業,1.61,新台幣                 10.0000元,104412598,4273360,727031,3735991
2302,麗正國際科技股份有限公司,半導體業,-0.15,新台幣                 10.0000元,206910,-20358,-4361,-24675
2303,聯華電子股份有限公司,半導體業,0.36,新台幣                 10.0000元,74955831,3038388,145409,2974656
2305,全友電腦股份有限公司,電腦及週邊設備業,-0.09,新台幣                 10.0000元,301646,-68043,58290,-16964
2308,台達電子工業股份有限公司,電子零組件業,3.14,新台幣                 10.0000元,102397989,8527682,1880035,8276536
2311,日月光半導體製造股份有限公司,半導體業,1.32,新台幣                 10.0000元,132576789,10443901,4791435,11142693
2312,金寶電子工業股份有限公司,其他電子業,0.32,新台幣                 10.0000元,57096854,894136,25528,675868
2313,華通電腦股份有限公司,電子零組件業,0.78,新台幣                 10.0000元,22079416,1815493,-411123,931232
2314,台揚科技股份有限公司,通信網路業,0.54,新台幣                 10.0000元,3599671,142771,-1390,116911
2316,楠梓電子股份有限公司,電子零組件業,-0.29,新台幣                 10.0000元,2710709,-11128,-73441,-80125
2317,鴻海精密工業股份有限公司,其他電子業,2.66,新台幣                 10.0000元,1897456321,61441120,648733,44126222
2321,東訊股份有限公司,通信網路業,-0.1,新台幣                 10.0000元,1549714,-28214,-555,-28769
2323,中環股份有限公司,光電業,-0.29,新台幣                 10.0000元,4462394,-737867,245904,-527116
2324,仁寶電腦工業股份有限公司,電腦及週邊設備業,0.31,新台幣                 10.0000元,401207947,3841614,-1292130,1525380
2325,矽品精密工業股份有限公司,半導體業,1.01,新台幣                 10.0000元,39976227,3614269,597656,3154662
2327,國巨股份有限公司,電子零組件業,4.07,新台幣                 10.0000元,15280738,2648223,-188602,2058090
2328,廣宇科技股份有限公司,電子零組件業,0.48,新台幣                 10.0000元,11350234,379669,58409,316103
2329,華泰電子股份有限公司,半導體業,-0.4,新台幣                 10.0000元,6772815,-389481,-2852,-319790
2330,台灣積體電路製造股份有限公司,半導體業,5.94,新台幣                 10.0000元,447769612,178607791,5332175,153891560
2331,精英電腦股份有限公司,電腦及週邊設備業,0.6,新台幣                 10.0000元,13470941,310805,151759,336452
2332,友訊科技股份有限公司,通信網路業,-0.47,新台幣                 10.0000元,9408359,-409422,51292,-339301
2337,旺宏電子股份有限公司,半導體業,0.47,新台幣                 10.0000元,13172962,998879,-172764,818738
2338,台灣光罩股份有限公司,半導體業,-0.05,新台幣                 10.0000元,603937,25667,-36124,-19220
2340,光磊科技股份有限公司,光電業,0.65,新台幣                 10.0000元,2962083,444579,-20468,352469
2342,台灣茂矽電子股份有限公司,半導體業,-0.1,新台幣                 10.0000元,815832,28801,-71699,-42898
2344,華邦電子股份有限公司,半導體業,0.47,新台幣                 10.0000元,21836240,2322849,9136,1810003
2345,智邦科技股份有限公司,通信網路業,2.36,新台幣                 10.0000元,17387306,1613139,86699,1283847
2347,聯強國際股份有限公司,電子通路業,1.48,新台幣                 10.0000元,156983908,1952372,1178817,2604060
2348,海悅國際開發股份有限公司,其他,0.82,新台幣                 10.0000元,309610,73277,-2459,69860
2349,錸德科技股份有限公司,光電業,-0.45,新台幣                 10.0000元,4686723,-578893,-74737,-723628
2351,順德工業股份有限公司,半導體業,1.83,新台幣                 10.0000元,4694449,569450,-82218,372427
2352,佳世達科技股份有限公司,電腦及週邊設備業,1.32,新台幣                 10.0000元,64584325,1769371,1397399,2717271
2353,宏眭悒鬫陪迨膝q,電腦及週邊設備業,0.1,新台幣                 10.0000元,109656863,1447136,-1208627,306513
2354,鴻準精密工業股份有限公司,其他電子業,1.9,新台幣                 10.0000元,40643560,3017383,326096,2678748
2355,敬鵬工業股份有限公司,電子零組件業,1.95,新台幣                 10.0000元,11971743,1131705,46391,771166
2356,英業達股份有限公司,電腦及週邊設備業,0.73,新台幣                 10.0000元,210874919,3728754,-536324,2082841
2357,華碩電腦股份有限公司,電腦及週邊設備業,7.62,新台幣                 10.0000元,205539421,5929667,1426685,5823518
2358,廷鑫興業股份有限公司,其他,0.44,新台幣                 10.0000元,907270,10412,16017,21936
2359,所羅門股份有限公司,其他電子業,0.23,新台幣                 10.0000元,2044263,122074,-48559,39919
2360,致茂電子股份有限公司,其他電子業,2.05,新台幣                 10.0000元,5760027,1010323,-28774,792111
2362,藍天電腦股份有限公司,電腦及週邊設備業,0.51,新台幣                 10.0000元,8406193,693161,-17128,332125
2363,矽統科技股份有限公司,半導體業,-0.35,新台幣                 10.0000元,99489,-157180,-41173,-198557
2364,倫飛電腦實業股份有限公司,電腦及週邊設備業,-0.62,新台幣                 10.0000元,275761,-65372,-18622,-84075
2365,昆盈企業股份有限公司,電腦及週邊設備業,-0.06,新台幣                 10.0000元,1242058,-46660,31032,-18267
2367,燿華電子股份有限公司,電子零組件業,-0.38,新台幣                 10.0000元,7587955,-150866,-119884,-214888
2368,金像電子(股)公司,電子零組件業,-0.25,新台幣                 10.0000元,9098948,-15146,-144197,-133565
2369,菱生精密工業股份有限公司,半導體業,0.2,新台幣                 10.0000元,2935400,62107,42782,76073
2371,大同股份有限公司,電機機械,0.28,新台幣                 10.0000元,35751720,-72576,2801800,2112132
2373,震旦行股份有限公司,其他電子業,2.13,新台幣                 10.0000元,7065534,624954,267893,728819
2374,佳能企業股份有限公司,光電業,0.31,新台幣                 10.0000元,5872598,78722,33063,83250
2375,智寶電子股份有限公司,電子零組件業,1.29,新台幣                 10.0000元,1421074,98517,117329,178278
2376,技嘉科技股份有限公司,電腦及週邊設備業,1.33,新台幣                 10.0000元,27292723,682404,313974,800977
2377,微星科技股份有限公司,電腦及週邊設備業,2.4,新台幣                 10.0000元,47804238,2270089,238135,2030018
2379,瑞昱半導體股份有限公司,半導體業,2.85,新台幣                 10.0000元,19934959,1672478,-126118,1440523
2380,虹光精密工業股份有限公司,電腦及週邊設備業,-1.16,新台幣                 10.0000元,854416,-224669,-16143,-241612
2382,廣達電腦股份有限公司,電腦及週邊設備業,1.76,新台幣                 10.0000元,463280886,8658357,867200,6869701
2383,台光電子材料股份有限公司,電子零組件業,4.55,新台幣                 10.0000元,11748313,2123647,10044,1455084
2385,群光電子股份有限公司,電子零組件業,2.2,新台幣                 10.0000元,35611385,1885940,330574,1796826
2387,精元電腦股份有限公司,電腦及週邊設備業,0.82,新台幣                 10.0000元,5726351,353569,-15436,192328
2388,威盛電子股份有限公司,半導體業,0.06,新台幣                 10.0000元,2289334,-643539,675601,25700
2390,云辰電子開發股份有限公司,其他電子業,-0.71,新台幣                 10.0000元,356217,-112418,-43578,-151860
2392,正崴精密工業股份有限公司,電子零組件業,0.92,新台幣                 10.0000元,36844168,-28106,592247,396514
2393,億光電子工業股份有限公司,光電業,1.56,新台幣                 10.0000元,13709704,1056972,-147268,711974
2395,研華股份有限公司,電腦及週邊設備業,4.2,新台幣                 10.0000元,21412347,3256432,382064,2928085
2397,友通資訊股份有限公司,電腦及週邊設備業,1.78,新台幣                 10.0000元,1914317,299437,-31985,204234
2399,映泰股份有限公司,電腦及週邊設備業,0.26,新台幣                 10.0000元,1797128,53187,-10045,46527
2401,凌陽科技股份有限公司,半導體業,0.59,新台幣                 10.0000元,3308211,-7790,446965,402080
2402,毅嘉科技股份有限公司,電子零組件業,-0.58,新台幣                 10.0000元,3222440,-141332,-45805,-178196
2404,漢唐集成股份有限公司,其他電子業,2.32,新台幣                 10.0000元,7043266,944226,-167244,590204
2405,浩鑫股份有限公司,電腦及週邊設備業,-0.1,新台幣                 10.0000元,2365570,-128335,85736,-32804
2406,國碩科技工業股份有限公司,光電業,-5.14,新台幣                 10.0000元,5706527,-1662668,15575,-1691297
2408,南亞科技股份有限公司,半導體業,3.55,新台幣                 10.0000元,24856076,8019432,3268556,9779260
2409,友達光電股份有限公司,光電業,2.01,新台幣                 10.0000元,172969216,23693436,-99635,18381122
2412,中華電信股份有限公司,通信網路業,2.58,新台幣                 10.0000元,110204541,23852660,820048,20621571
2413,環隆科技股份有限公司,電子零組件業,-0.41,新台幣                 10.0000元,1751393,789,-40197,-52843
2414,精技電腦股份有限公司,電子通路業,0.82,新台幣                 10.0000元,7824913,159040,176,133218
2415,錩新科技股份有限公司,電子零組件業,0.44,新台幣                 10.0000元,1079645,101327,-14652,44819
2417,圓剛科技股份有限公司,電腦及週邊設備業,-0.28,新台幣                 10.0000元,1158728,-47281,11411,-46515
2419,仲琦科技股份有限公司,通信網路業,0.54,新台幣                 10.0000元,4145433,279724,-45474,153543
2420,新巨企業股份有限公司,電子零組件業,1.17,新台幣                 10.0000元,1440334,294037,-87403,180440
2421,建準電機工業股份有限公司,電子零組件業,1.34,新台幣                 10.0000元,5350979,375680,29313,339002
2423,固緯電子實業股份有限公司,其他電子業,1.24,新台幣                 10.0000元,1140045,142701,68416,180136
2424,隴華電子股份有限公司,電腦及週邊設備業,-1.09,新台幣                 10.0000元,4837,-11127,-21577,-32643
2425,承啟科技股份有限公司,電腦及週邊設備業,-0.52,新台幣                 10.0000元,2577922,4,-55228,-56816
2426,鼎元光電科技股份有限公司,光電業,0.14,新台幣                 10.0000元,1537404,177798,-157921,19879
2427,三商電腦股份有限公司,資訊服務業,0.17,新台幣                 10.0000元,1150850,30474,9307,31679
2428,興勤電子工業股份有限公司,電子零組件業,4.6,新台幣                 10.0000元,2820704,604146,255755,586481
2429,銘旺科技股份有限公司,電子零組件業,-0.85,新台幣                 10.0000元,533838,11987,-6965,-28909
2430,燦坤實業股份有限公司,電子通路業,0.72,新台幣                 10.0000元,9998854,236774,-75568,119432
2431,聯昌電子企業股份有限公司,電子零組件業,0.11,新台幣                 10.0000元,1346994,37197,-23677,12431
2433,互盛股份有限公司,其他電子業,1.71,新台幣                 10.0000元,1780852,205846,85591,254540
2434,統懋半導體股份有限公司,半導體業,-0.95,新台幣                 10.0000元,119332,-56170,-11326,-66754
2436,偉詮電子股份有限公司,半導體業,0.25,新台幣                 10.0000元,1055130,40489,29995,55272
2438,翔耀實業股份有限公司,光電業,-0.2,新台幣                 10.0000元,251707,31344,-11772,8100
2439,美律實業股份有限公司,通信網路業,4.6,新台幣                 10.0000元,9883400,1088401,-23904,859560
2440,太空梭高傳真資訊科技(股)公司,電子零組件業,0.17,新台幣                 10.0000元,1389551,31340,-2085,23882
2441,超豐電子股份有限公司,半導體業,2.09,新台幣                 10.0000元,5717067,1447188,-27404,1186960
2442,新美齊股份有限公司,電腦及週邊設備業,-0.05,新台幣                 10.0000元,664936,-45957,23088,-14503
2443,新利虹科技股份有限公司,電子零組件業,-0.84,新台幣                 10.0000元,346261,-124481,237,-124674
2444,友旺科技股份有限公司,通信網路業,0.05,新台幣                 10.0000元,749272,17910,-13721,4189
2448,晶元光電股份有限公司,光電業,0.42,新台幣                 10.0000元,12375434,1038360,-326582,510898
2449,京元電子股份有限公司,半導體業,0.98,新台幣                 10.0000元,9711556,1894038,-330625,1149192
2450,神腦國際企業股份有限公司,通信網路業,1.62,新台幣                 10.0000元,17583353,375453,94945,401218
2451,創見資訊股份有限公司,半導體業,3.13,新台幣                 10.0000元,10686247,2150323,-472635,1349657
2453,凌群電腦股份有限公司,資訊服務業,0.29,新台幣                 10.0000元,1938146,19051,18103,30617
2454,聯發科技股份有限公司,半導體業,5.8,新台幣                 10.0000元,114161510,3570208,7310971,8849420
2455,全新光電科技股份有限公司,通信網路業,1.05,新台幣                 10.0000元,1056404,253064,-22729,192436
2456,奇力新電子股份有限公司,電子零組件業,2.5,新台幣                 10.0000元,4794746,579260,40113,493033
2457,飛宏科技股份有限公司,電子零組件業,0.11,新台幣                 10.0000元,5807717,-18955,103950,33739
2458,義隆電子股份有限公司,半導體業,1.04,新台幣                 10.0000元,3456087,558153,-54256,404738
2459,敦吉科技股份有限公司,電子通路業,1.93,新台幣                 10.0000元,4896404,255736,25540,223704
2460,建通精密工業股份有限公司,電子零組件業,-0.19,新台幣                 10.0000元,1757389,-9547,-21247,-32318
2461,光群雷射科技股份有限公司,其他電子業,0.3,新台幣                 10.0000元,2303876,153661,-75885,33788
2462,台灣良得電子股份有限公司,電子零組件業,-0.06,新台幣                 10.0000元,1964008,24279,-33943,-8430
2464,盟立自動化股份有限公司,其他電子業,0.62,新台幣                 10.0000元,5365791,282201,-132301,121455
2465,麗臺科技股份有限公司,電腦及週邊設備業,0.73,新台幣                 10.0000元,1366817,-26960,104632,73622
2466,冠西電子企業股份有限公司,光電業,-0.28,新台幣                 10.0000元,843527,-38631,-7348,-45172
2467,志聖工業股份有限公司,電子零組件業,1.16,新台幣                 10.0000元,2362501,279085,-52789,183471
2468,華經資訊企業股份有限公司,資訊服務業,0.24,新台幣                 10.0000元,604853,17540,3318,16517
2471,資通電腦股份有限公司,資訊服務業,-0.11,新台幣                 10.0000元,302728,6653,-1892,-5498
2472,立隆電子工業股份有限公司,電子零組件業,1.13,新台幣                 10.0000元,3253998,354459,-31896,228281
2474,可成科技股份有限公司,其他電子業,8.03,新台幣                 10.0000元,33080089,12400695,-2351791,6199915
2475,中華映管股份有限公司,光電業,0.44,新台幣                 10.0000元,16616274,978511,2514843,3024769
2476,鉅祥企業股份有限公司,電子零組件業,0.69,新台幣                 10.0000元,2416119,327530,-66090,155534
2477,美隆工業股份有限公司,其他電子業,0.73,新台幣                 10.0000元,1761991,222942,27040,173917
2478,大毅科技股份有限公司,電子零組件業,0.38,新台幣                 10.0000元,1844042,98986,-11756,69681
2480,敦陽科技股份有限公司,資訊服務業,1.15,新台幣                 10.0000元,2031899,175917,3571,152644
2481,強茂股份有限公司,半導體業,0.89,新台幣                 10.0000元,5737439,415490,164435,474419
2482,連宇股份有限公司,其他電子業,-0.67,新台幣                 10.0000元,398800,-27852,-13425,-41809
2483,百容電子股份有限公司,電子零組件業,0.41,新台幣                 10.0000元,836238,92712,-26678,45275
2484,希華晶體科技股份有限公司,電子零組件業,0.46,新台幣                 10.0000元,1585074,98993,-8718,76435
2485,兆赫電子股份有限公司,通信網路業,-0.14,新台幣                 10.0000元,4335643,113233,-183796,-47414
2486,一詮精密工業股份有限公司,光電業,-0.38,新台幣                 10.0000元,2091709,-28280,-50159,-72170
2488,漢平電子工業股份有限公司,其他電子業,1.09,新台幣                 10.0000元,1008464,131084,-14455,88621
2489,瑞軒科技股份有限公司,光電業,-1.05,新台幣                 10.0000元,7877999,-774328,-195465,-816641
2491,吉祥全球實業股份有限公司,光電業,0.55,新台幣                 10.0000元,197043,-8099,45551,37452
2492,華新科技股份有限公司,電子零組件業,1.63,新台幣                 10.0000元,9777386,1220012,52900,930098
2493,揚博科技股份有限公司,電子零組件業,1.06,新台幣                 10.0000元,1107041,165329,-19522,121020
2495,普安科技股份有限公司,其他電子業,0.03,新台幣                 10.0000元,823289,21620,-3988,9141
2496,卓越成功股份有限公司,通信網路業,4.74,新台幣                 10.0000元,352672,82717,5204,82182
2497,怡利電子工業股份有限公司,其他電子業,-0.45,新台幣                 10.0000元,1214412,-46106,-9025,-53752
2498,宏達國際電子股份有限公司,通信網路業,-4.85,新台幣                 10.0000元,30666732,-4554921,554146,-3983116
2499,東貝光電科技股份有限公司,光電業,-0.42,新台幣                 10.0000元,2860587,-35079,-127507,-158345
2501,國泰建設股份有限公司,建材營造,0.71,新台幣                 10.0000元,7223776,871225,-100927,733162
2504,國產建材實業(原國產實業),建材營造,2.04,新台幣                 10.0000元,7640111,69090,2898716,2929273
2505,國揚實業股份有限公司,建材營造,0.47,新台幣                 10.0000元,2623803,282045,-11091,270353
2506,太平洋建設股份有限公司,建材營造,0.11,新台幣                 10.0000元,931158,88395,-7761,62396
2509,全坤建設開發股份有限公司,建材營造,-0.09,新台幣                 10.0000元,423035,13904,-16146,-14597
2511,太子建設開發股份有限公司,建材營造,0.22,新台幣                 10.0000元,3765706,317132,45581,351566
2514,龍邦國際興業股份有限公司,其他,1.59,新台幣                 10.0000元,1101880,945809,-27414,790021
2515,中華工程股份有限公司,建材營造,0.1,新台幣                 10.0000元,5039839,167895,2721,157020
2516,新亞建設開發股份有限公司,建材營造,-1.16,新台幣                 10.0000元,4452303,-290223,44243,-262344
2520,冠德建設股份有限公司,建材營造,0.34,新台幣                 10.0000元,4568695,445902,-35684,247140
2524,京城建設股份有限公司,建材營造,0.38,新台幣                 10.0000元,1454162,270242,-59461,145763
2527,宏璟建設股份有限公司,建材營造,-0.33,新台幣                 10.0000元,82166,-50980,-9059,-93992
2528,皇普建設股份有限公司,建材營造,0.19,新台幣                 10.0000元,62009,5420,19604,24124
2530,大華建設股份有限公司,建材營造,-0.22,新台幣                 10.0000元,60664,-30410,-14047,-61103
2534,宏盛建設股份有限公司,建材營造,2.55,新台幣                 10.0000元,3568800,1505819,67269,1499258
2535,達欣工程股份有限公司,建材營造,1.02,新台幣                 10.0000元,5555909,337265,-45431,219632
2536,宏普建設股份有限公司,建材營造,0.36,新台幣                 10.0000元,126358,-7222,155429,120738
2537,聯上開發股份有限公司,建材營造,-0.01,新台幣                 10.0000元,181153,8120,985,-4155
2538,基泰建設股份有限公司,建材營造,-0.07,新台幣                 10.0000元,224381,39777,-69399,-29622
2539,櫻花建設股份有限公司,建材營造,0.96,新台幣                 10.0000元,1144727,360205,-2048,328741
2540,愛山林建設開發股份有限公司,建材營造,0.41,新台幣                 10.0000元,441403,148019,-43345,59513
2542,興富發建設股份有限公司,建材營造,0.56,新台幣                 10.0000元,6917139,718974,60799,681373
2543,皇昌營造股份有限公司,建材營造,0.05,新台幣                 10.0000元,2268445,29324,-15068,8653
2545,皇翔建設股份有限公司,建材營造,0.59,新台幣                 10.0000元,1560736,154119,-142314,194503
2546,根基營造股份有限公司,建材營造,1.39,新台幣                 10.0000元,3610748,167016,17815,147710
2547,日勝生活科技股份有限公司,建材營造,-1.17,新台幣                 10.0000元,2210461,-740757,-121086,-1021713
2548,華固建設股份有限公司,建材營造,1.16,新台幣                 10.0000元,1870754,355971,148053,341873
2597,潤弘精密工程事業股份有限公司,建材營造,1.46,新台幣                 10.0000元,3791307,267070,3731,226732
2601,益航股份有限公司,貿易百貨,0.25,新台幣                 10.0000元,3487042,491237,-135240,141754
2603,長榮海運股份有限公司,航運業,0.88,新台幣                 10.0000元,71542933,2871227,498860,3066929
2605,新興航運股份有限公司,航運業,0.62,新台幣                 10.0000元,1733781,475944,23484,430409
2606,裕民航運股份有限公司,航運業,0.14,新台幣                 10.0000元,3967216,154933,-8577,120734
2607,長榮國際儲運股份有限公司,航運業,0.33,新台幣                 10.0000元,3750529,466498,-20526,352919
2608,嘉里大榮物流股份有限公司,航運業,1.07,新台幣                 10.0000元,4593157,586717,62824,499648
2609,陽明海運股份有限公司,航運業,-0.77,新台幣                 10.0000元,63482546,-1046595,-67249,-1282450
2610,中華航空股份有限公司,航運業,-0.37,新台幣                 10.0000元,73953079,2433252,-4105768,-1861623
2611,志信國際股份有限公司,航運業,-0.21,新台幣                 10.0000元,525114,-5339,-42316,-44828
2612,中國航運股份有限公司,航運業,-0.55,新台幣                 10.0000元,1576537,69046,-161954,-109244
2613,中國貨櫃運輸股份有限公司,航運業,0.09,新台幣                 10.0000元,1284200,23110,-11626,9511
2614,東森國際股份有限公司,貿易百貨,-0.19,新台幣                 10.0000元,6291329,-232036,93231,-168076
2615,萬海航運股份有限公司,航運業,0.3,新台幣                 10.0000元,29156008,1020193,-138571,700249
2616,山隆通運股份有限公司,油電燃氣業,3.36,新台幣                 10.0000元,8297776,175374,320822,429193
2617,台灣航業股份有限公司,航運業,0.11,新台幣                 10.0000元,1298349,56357,5412,47869
2618,長榮航空股份有限公司,航運業,0.21,新台幣                 10.0000元,78265279,2359813,-415463,1235702
2633,台灣高速鐵路股份有限公司,航運業,0.52,新台幣                 10.0000元,21412319,9087084,-5537500,2912193
2634,漢翔航空工業股份有限公司,航運業,0.57,新台幣                 10.0000元,12364606,1122882,-377151,541050
2636,台驊國際投資控股股份有限公司,航運業,0.87,新台幣                 10.0000元,5105643,188512,-32559,105300
2637,慧洋海運股份有限公司,航運業,-0.18,新台幣                 10.0000元,5227361,679405,-778642,-99840
2642,台灣宅配通股份有限公司,航運業,1,新台幣                 10.0000元,1428855,46128,60684,95575
2701,萬華企業股份有限公司,觀光事業,0.45,新台幣                 10.0000元,191535,83981,138412,188520
2702,華園飯店股份有限公司,觀光事業,0.17,新台幣                 10.0000元,672872,59258,-39809,16256
2704,國賓大飯店股份有限公司,觀光事業,0.53,新台幣                 10.0000元,1577309,260527,-9060,193740
2705,六福開發股份有限公司,觀光事業,-0.6,新台幣                 10.0000元,1550026,-174370,-29488,-203858
2706,第一華僑大飯店股份有限公司,觀光事業,0.56,新台幣                 10.0000元,165011,102906,198690,254101
2707,晶華國際酒店股份有限公司,觀光事業,3.83,新台幣                 10.0000元,3389168,605009,3474,494539
2712,遠雄悅來大飯店股份有限公司,觀光事業,-0.11,新台幣                 10.0000元,192034,-11342,232,-11281
2722,夏都國際開發股份有限公司,觀光事業,0.28,新台幣                 10.0000元,308465,38540,2287,30163
2723,開曼美食達人股份有限公司,觀光事業,5.85,新台幣                 10.0000元,10691230,1279413,100923,963618
2727,王品餐飲股份有限公司,觀光事業,3.47,新台幣                 10.0000元,7883373,543090,1214,397968
2731,雄獅旅行社股份有限公司,觀光事業,3.5,新台幣                 10.0000元,12594931,249762,49728,248940
2739,寒舍餐旅管理顧問股份有限公司,觀光事業,1.14,新台幣                 10.0000元,2036272,129442,19901,127199
2748,雲品國際酒店股份有限公司,觀光事業,1.7,新台幣                 10.0000元,733420,137290,-1862,111485
2801,彰化商業銀行股份有限公司,金融保險業,0.63,新台幣                 10.0000元,15128946,--,--,5956005
2809,京城商業銀行股份有限公司,金融保險業,2.4,新台幣                 10.0000元,4306485,--,--,2751471
2812,台中商業銀行股份有限公司,金融保險業,0.51,新台幣                 10.0000元,5335080,--,--,1669333
2820,中華票券金融股份有限公司,金融保險業,0.49,新台幣                 10.0000元,1018098,--,--,658188
2823,中國人壽保險股份有限公司,金融保險業,0.67,新台幣                 10.0000元,118617528,1952962,-14201,2343706
2834,臺灣中小企業銀行股份有限公司,金融保險業,0.51,新台幣                 10.0000元,10275840,--,--,3135786
2836,高雄銀行股份有限公司,金融保險業,0.39,新台幣                 10.0000元,1653326,--,--,363319
2841,台灣土地開發股份有限公司,建材營造,0.42,新台幣                 10.0000元,633996,198452,117745,310205
2849,安泰商業銀行股份有限公司,金融保險業,0.6,新台幣                 10.0000元,3379846,--,--,1004494
2850,新光產物保險股份有限公司,金融保險業,1.8,新台幣                 10.0000元,6788355,643134,9889,569309
2851,中央再保險股份有限公司,金融保險業,1.06,新台幣                 10.0000元,7154399,709312,314,594470
2852,第一產物保險股份有限公司,金融保險業,0.51,新台幣                 10.0000元,2828099,187404,53,154581
2855,統一綜合證券股份有限公司,金融保險業,0.8,新台幣                 10.0000元,3406708,1009494,189526,1120656
2856,元富證券股份有限公司,金融保險業,0.27,新台幣                 10.0000元,2240765,408376,73759,422503
2867,三商美邦人壽保險股份有限公司,金融保險業,1.33,新台幣                 10.0000元,89593252,2458090,81639,2429122
2884,玉山金融控股股份有限公司,金融保險業,0.84,新台幣                 10.0000元,22192925,--,--,7429235
2886,兆豐金融控股股份有限公司,金融保險業,1.07,新台幣                 10.0000元,29422114,--,--,14517157
2889,國票金融控股股份有限公司,金融保險業,0.4,新台幣                 10.0000元,2844610,--,--,1154640
2892,第一金融控股股份有限公司,金融保險業,0.79,新台幣                 10.0000元,24505791,--,--,9607776
2897,王道商業銀行股份有限公司,金融保險業,0.31,新台幣                 10.0000元,3871389,--,--,1229974
2901,欣欣大眾市場股份有限公司,貿易百貨,0.15,新台幣                 10.0000元,68014,9837,3697,11233
2903,遠東百貨股份有限公司,貿易百貨,0.26,新台幣                 10.0000元,19036805,1208287,-391535,421394
2904,匯僑股份有限公司,其他,0.61,新台幣                 10.0000元,211899,47751,3161,41837
2905,三商投資控股股份有限公司,貿易百貨,1.62,新台幣                 10.0000元,121976307,--,--,2402001
2906,高林實業股份有限公司,貿易百貨,0.07,新台幣                 10.0000元,3541035,146496,-22628,81772
2908,特力股份有限公司,貿易百貨,0.86,新台幣                 10.0000元,18994726,601685,-70979,439725
2910,統領百貨股份有限公司,貿易百貨,0.25,新台幣                 10.0000元,171721,48981,-9973,43264
2911,麗嬰房股份有限公司,貿易百貨,-0.58,新台幣                 10.0000元,3338828,-175687,30464,-117734
2912,統一超商股份有限公司,貿易百貨,5.32,新台幣                 10.0000元,108174838,5644903,1697074,6162928
2913,台灣農林股份有限公司,貿易百貨,0.79,新台幣                 10.0000元,2107622,481289,113025,604577
2915,潤泰全球股份有限公司,貿易百貨,1.71,新台幣                 10.0000元,4357778,1505076,933098,2349421
2923,鼎固控股有限公司,建材營造,0.01,新台幣                 10.0000元,2448000,1548160,-890185,49050
2929,淘帝國際控股有限公司,貿易百貨,6.25,新台幣                 10.0000元,2489636,555113,39994,439247
2936,客思達股份有限公司,貿易百貨,1.75,新台幣                 10.0000元,5913469,190083,-31890,133964
3002,歐格電子工業股份有限公司,電腦及週邊設備業,0.46,新台幣                 10.0000元,323907,23609,34916,50100
3003,健和興端子股份有限公司,電子零組件業,1.54,新台幣                 10.0000元,1668901,357632,-13226,241074
3004,豐達科技股份有限公司(原宏達),鋼鐵工業,1.4,新台幣                 10.0000元,813274,117415,-15986,73722
3005,神基科技股份有限公司,電腦及週邊設備業,1.45,新台幣                 10.0000元,10225784,1153263,1194,880972
3006,晶豪科技股份有限公司,半導體業,1.55,新台幣                 10.0000元,5172414,341975,162277,423002
3008,大立光電股份有限公司,光電業,71.56,新台幣                 10.0000元,22120996,13252284,-637509,9598457
3010,華立企業股份有限公司,電子通路業,2.43,新台幣                 10.0000元,19303578,669870,177850,621914
3011,今皓實業股份有限公司,電子零組件業,-0.29,新台幣                 10.0000元,512333,-30547,3767,-33130
3013,晟銘電子科技股份有限公司,電腦及週邊設備業,0.33,新台幣                 10.0000元,2251522,127770,-29328,84260
3014,聯陽半導體股份有限公司,半導體業,1.16,新台幣                 10.0000元,1483563,238370,-13421,181789
3015,全漢企業股份有限公司,電子零組件業,0.07,新台幣                 10.0000元,7270397,-32953,63774,13910
3016,嘉晶電子股份有限公司,半導體業,0.26,新台幣                 10.0000元,1658030,92351,-15888,63073
3017,奇鋐科技股份有限公司,電腦及週邊設備業,1.22,新台幣                 10.0000元,12739130,491072,118306,442750
3018,同開科技工程股份有限公司,其他電子業,0.14,新台幣                 10.0000元,797453,16470,-3659,6761
3019,亞洲光學股份有限公司,光電業,0.81,新台幣                 10.0000元,8944914,523116,-39393,387990
3021,鴻名企業股份有限公司,電子零組件業,0.57,新台幣                 10.0000元,1017872,71850,-10559,53893
3022,威強電工業電腦股份有限公司,電腦及週邊設備業,1.87,新台幣                 10.0000元,3814468,641981,144789,614277
3023,信邦電子股份有限公司,電子零組件業,2.76,新台幣                 10.0000元,6545058,761364,92702,629575
3024,憶聲電子股份有限公司,光電業,-0.01,新台幣                 10.0000元,1444855,-11620,17947,-2405
3025,星通資訊股份有限公司,通信網路業,-0.08,新台幣                 10.0000元,216917,-3638,-2134,-6049
3026,禾伸堂企業股份有限公司,電子零組件業,1.14,新台幣                 10.0000元,6310867,232739,7581,183513
3027,盛達電業股份有限公司,通信網路業,-0.39,新台幣                 10.0000元,372966,-51693,17844,-38382
3028,增你強股份有限公司,電子通路業,0.69,新台幣                 10.0000元,11821760,197087,811,147910
3029,零壹科技股份有限公司,資訊服務業,0.52,新台幣                 10.0000元,2860584,81064,1788,62545
3030,德律科技股份有限公司,其他電子業,0.98,新台幣                 10.0000元,1635494,311330,-43175,231986
3031,佰鴻工業股份有限公司,光電業,0.46,新台幣                 10.0000元,989472,66747,12250,72745
3032,偉訓科技股份有限公司,電子零組件業,1.02,新台幣                 10.0000元,3338639,230216,-46140,131044
3033,威健實業股份有限公司,電子通路業,0.62,新台幣                 10.0000元,22667006,311472,-47789,198825
3034,聯詠科技股份有限公司,半導體業,3.54,新台幣                 10.0000元,22724581,2590004,-27558,2154668
3035,智原科技股份有限公司,半導體業,2.73,新台幣                 10.0000元,2943189,163412,-31139,670685
3036,文曄科技股份有限公司,電子通路業,2.21,新台幣                 10.0000元,78741891,1726585,-398591,1049350
3037,欣興電子股份有限公司,電子零組件業,-0.05,新台幣                 10.0000元,29184673,-227229,421227,46861
3038,全台晶像股份有限公司,光電業,-0.05,新台幣                 10.0000元,1473781,64776,-61826,-7437
3040,遠見科技股份有限公司,其他,10.82,新台幣                 10.0000元,87124,13861,723883,681452
3041,揚智科技股份有限公司,半導體業,-0.73,新台幣                 10.0000元,1654664,-286202,28669,-213239
3042,台灣晶技股份有限公司,電子零組件業,1.58,新台幣                 10.0000元,4246502,422830,145791,480935
3043,科風股份有限公司,其他電子業,-0.5,新台幣                 10.0000元,544495,5620,-102131,-97015
3044,健鼎科技股份有限公司,電子零組件業,3.7,新台幣                 10.0000元,20921095,2090340,413403,1942838
3045,台灣大哥大股份有限公司,通信網路業,2.86,新台幣                 10.0000元,56644534,9968070,-247796,8177793
3046,建眭悒鬫陪迨膝q,電腦及週邊設備業,-0.86,新台幣                 10.0000元,640116,-93090,803,-97990
3047,訊舟科技股份有限公司,通信網路業,-0.33,新台幣                 10.0000元,2661550,15540,-62149,-59815
3048,益登科技股份有限公司,電子通路業,0.59,新台幣                 10.0000元,33832634,387068,-218359,130481
3049,和鑫光電股份有限公司,光電業,0.09,新台幣                 10.0000元,1524381,229876,-164500,65376
3050,鈺德科技股份有限公司,光電業,0.6,新台幣                 10.0000元,419717,30083,70600,90517
3051,力特光電科技股份有限公司,光電業,-0.32,新台幣                 10.0000元,1106421,119939,-210136,-104547
3052,夆典科技開發股份有限公司,建材營造,0.04,新台幣                 10.0000元,1701142,27747,-9525,12927
3054,立萬利創新股份有限公司,半導體業,0.24,新台幣                 10.0000元,170588,-33130,60566,28386
3055,蔚華科技股份有限公司,電子通路業,0.18,新台幣                 10.0000元,1405308,17540,14037,17554
3056,總太地產開發股份有限公司,建材營造,2.8,新台幣                 10.0000元,2549267,740713,-1988,645389
3057,喬鼎資訊股份有限公司,電腦及週邊設備業,-1.18,新台幣                 10.0000元,963299,-189643,-2548,-191304
3058,立德電子股份有限公司,電子零組件業,0.01,新台幣                 10.0000元,2598244,-16417,20876,1703
3059,華晶科技股份有限公司,光電業,0.05,新台幣                 10.0000元,5134149,46581,-20280,10195
3060,銘異科技股份有限公司,電腦及週邊設備業,0.24,新台幣                 10.0000元,3697743,57113,-6697,43562
3062,建漢科技股份有限公司,通信網路業,0.16,新台幣                 10.0000元,4131692,24955,56935,53922
3090,日電貿股份有限公司,電子零組件業,1.39,新台幣                 10.0000元,4037320,213938,55458,232689
3094,聯傑國際股份有限公司,半導體業,0.31,新台幣                 10.0000元,155739,29184,-851,25492
3130,一零四資訊科技股份有限公司,資訊服務業,4.77,新台幣                 10.0000元,755590,175375,12144,157695
3149,正達國際光電股份有限公司,光電業,0.34,新台幣                 10.0000元,1431468,-361541,419871,58330
3164,景岳生物科技股份有限公司,生技醫療業,0.43,新台幣                 10.0000元,275399,16794,-1864,38479
3167,大量科技股份有限公司,電機機械,1.43,新台幣                 10.0000元,1490096,191556,-36905,114112
3189,景碩科技股份有限公司,半導體業,0.45,新台幣                 10.0000元,9890621,186483,23744,124697
3209,全科科技股份有限公司,電子通路業,0.58,新台幣                 10.0000元,15186741,75647,33223,83867
3229,晟鈦股份有限公司,電子零組件業,0.03,新台幣                 10.0000元,245864,-10419,12009,1590
3231,緯創資通股份有限公司,電腦及週邊設備業,0.52,新台幣                 10.0000元,362246296,1924871,117435,1534638
3257,虹冠電子工業股份有限公司,半導體業,0.57,新台幣                 10.0000元,353167,42885,-5405,37304
3266,昇陽建設企業股份有限公司,建材營造,-0.06,新台幣                 10.0000元,708155,-92581,22472,-78126
3296,勝德國際研發股份有限公司,電子零組件業,-0.23,新台幣                 10.0000元,1248626,-120,-24938,-22648
3305,昇貿科技股份有限公司,其他電子業,0.45,新台幣                 10.0000元,2479253,144405,-33869,52402
3308,聯德電子股份有限公司,電子零組件業,-0.38,新台幣                 10.0000元,449719,-5940,-26494,-37933
3311,閎暉實業股份有限公司,通信網路業,-0.51,新台幣                 10.0000元,1037717,-84755,-16210,-90992
3312,弘憶國際股份有限公司,電子通路業,-2.3,新台幣                 10.0000元,3990504,-9878,-284508,-295230
3315,宣昶股份有限公司,電子通路業,-0.33,新台幣                 10.0000元,6110621,58510,-76350,-22875
3321,同泰電子科技股份有限公司,電子零組件業,-1.77,新台幣                 10.0000元,1225703,-118276,-38645,-154978
3338,泰碩電子股份有限公司,電子零組件業,0.2,新台幣                 10.0000元,1341957,48682,-24810,14026
3346,麗清科技股份有限公司,汽車工業,1.59,新台幣                 10.0000元,1777888,127629,947,108589
3356,奇偶科技股份有限公司,光電業,-1.41,新台幣                 10.0000元,788061,-44135,-86464,-119605
3376,新日興股份有限公司,電子零組件業,1.76,新台幣                 10.0000元,4034673,612084,-119410,315156
3380,明泰科技股份有限公司,通信網路業,0.73,新台幣                 10.0000元,9856683,395092,20138,318455
3383,新世紀光電股份有限公司,光電業,-1.24,新台幣                 10.0000元,600890,-361045,-10607,-385676
3406,玉晶光電股份有限公司,光電業,1.56,新台幣                 10.0000元,2926132,403794,-182675,151458
3413,京鼎精密科技股份有限公司,半導體業,6.58,新台幣                 10.0000元,3896662,641012,31640,518205
3416,融程電訊股份有限公司,電腦及週邊設備業,0.99,新台幣                 10.0000元,683586,83283,-12430,59447
3419,譁裕實業股份有限公司,通信網路業,0.18,新台幣                 10.0000元,1133000,35934,-6246,21608
3432,台端興業股份有限公司,電子零組件業,-0.31,新台幣                 10.0000元,124060,-42645,19648,-20845
3437,榮創能源科技股份有限公司,光電業,-0.12,新台幣                 10.0000元,2705371,-4091,-14927,-17426
3443,創意電子股份有限公司,半導體業,2.36,新台幣                 10.0000元,5107634,327988,42875,316911
3450,聯鈞光電股份有限公司,其他電子業,2.52,新台幣                 10.0000元,3699601,741416,-112221,478559
3454,晶睿通訊股份有限公司,光電業,2.12,新台幣                 10.0000元,2836339,219480,-39475,150944
3481,群創光電股份有限公司,光電業,2.41,新台幣                 10.0000元,170534721,30455262,1082897,23976336
3494,誠研科技股份有限公司,電腦及週邊設備業,-0.43,新台幣                 10.0000元,711885,-92482,-12252,-94562
3501,維熹科技股份有限公司,電子零組件業,2.08,新台幣                 10.0000元,2260645,417316,-97193,247036
3504,揚明光學股份有限公司,光電業,-0.97,新台幣                 10.0000元,1895108,-112183,426,-112093
3514,昱晶能源科技股份有限公司,光電業,-2.24,新台幣                 10.0000元,6597408,-998193,-120893,-1118445
3515,華擎科技股份有限公司,電腦及週邊設備業,1.52,新台幣                 10.0000元,4335662,158932,33148,152042
3518,柏騰科技股份有限公司,其他電子業,-1.43,新台幣                 10.0000元,323011,-74503,-17136,-113503
3519,綠能科技股份有限公司,半導體業,-1.63,新台幣                 10.0000元,5208945,-744246,31548,-712698
3528,安馳科技股份有限公司,電子通路業,1.45,新台幣                 10.0000元,1833889,102489,9210,92301
3532,台塑勝高科技股份有限公司,半導體業,1.07,新台幣                 10.0000元,6118938,1064820,-83462,832066
3533,嘉澤端子工業股份有限公司,電子零組件業,4.43,新台幣                 10.0000元,4593388,541402,3638,413609
3535,晶彩科技股份有限公司,光電業,-1.27,新台幣                 10.0000元,341581,-67282,-33190,-100472
3536,誠創科技股份有限公司,半導體業,0.11,新台幣                 10.0000元,503438,14417,2436,13804
3545,敦泰電子股份有限公司,半導體業,0.11,新台幣                 10.0000元,4758502,22631,2162,22993
3550,聯穎科技股份有限公司,電子零組件業,0.44,新台幣                 10.0000元,1687227,88811,-21136,40029
3557,嘉威光電股份有限公司,光電業,-0.42,新台幣                 10.0000元,28288,-50548,-10181,-60729
3561,昇陽光電科技股份有限公司,光電業,-1.63,新台幣                 10.0000元,3098089,-510148,-95223,-606344
3576,新日光能源科技股份有限公司,光電業,-1.83,新台幣                 10.0000元,4381020,-1812019,-11753,-1836192
3579,尚志半導體股份有限公司,半導體業,-1.9,新台幣                 10.0000元,5416111,-748414,24426,-723988
3583,辛耘企業股份有限公司,半導體業,1.12,新台幣                 10.0000元,1543282,133131,-11550,90899
3588,通嘉科技股份有限公司,半導體業,0.09,新台幣                 10.0000元,487057,14942,-2585,3983
3591,艾笛森光電股份有限公司,光電業,-0.41,新台幣                 10.0000元,1326249,-38794,-7088,-50940
3593,力銘科技股份有限公司,電子零組件業,-0.23,新台幣                 10.0000元,332174,-20065,-6086,-25959
3596,智易科技股份有限公司,通信網路業,1.47,新台幣                 10.0000元,9638184,516687,-188783,282564
3605,宏致電子股份有限公司,電子零組件業,0.07,新台幣                 10.0000元,2400960,15870,-10792,5950
3607,谷崧精密工業股份有限公司,電子零組件業,-2.44,新台幣                 10.0000元,2694162,-381189,-29312,-320592
3617,碩天科技股份有限公司,其他電子業,3.3,新台幣                 10.0000元,3556429,464149,-88781,264854
3622,洋華光電股份有限公司,光電業,-0.45,新台幣                 10.0000元,517033,-20695,-31935,-57535
3645,達邁科技股份有限公司,電子零組件業,0.9,新台幣                 10.0000元,795623,143438,-9343,105599
3653,健策精密工業股份有限公司,電子零組件業,0.88,新台幣                 10.0000元,1783327,208435,-96575,94043
3661,世芯電子股份有限公司,半導體業,2.14,新台幣                 10.0000元,1934238,121777,25793,129881
3665,貿聯控股(BizLink Holding Inc.),其他電子業,4.74,新台幣                 10.0000元,5999048,655118,-33464,493129
3669,圓展科技股份有限公司,光電業,0.18,新台幣                 10.0000元,908311,20549,8195,17035
3673,"TPK Holding Co., Ltd.",光電業,2.75,新台幣                 10.0000元,43822517,550733,705919,959222
3679,新至陞科技股份有限公司,電子零組件業,2.64,新台幣                 10.0000元,1842649,262285,-37001,209557
3682,亞太電信股份有限公司,通信網路業,-0.35,新台幣                 10.0000元,6641208,-1886813,62219,-1519579
3686,達能科技股份有限公司,半導體業,-1.12,新台幣                 10.0000元,381193,-384768,-5115,-391696
3694,海華科技股份有限公司,通信網路業,0.04,新台幣                 10.0000元,2733529,12849,-8125,4732
3698,隆達電子股份有限公司,光電業,0.09,新台幣                 10.0000元,6174527,144795,-79502,49300
3701,大眾全球投資控股股份有限公司,電腦及週邊設備業,0.4,新台幣                 10.0000元,3582952,-238154,413549,154415
3702,大聯大投資控股股份有限公司,電子通路業,2.09,新台幣                 10.0000元,247381962,4602987,-131119,3674350
3703,欣陸投資控股股份有限公司,建材營造,0.81,新台幣                 10.0000元,11770258,-66748,718036,662780
3704,合勤投資控股股份有限公司,通信網路業,-0.91,新台幣                 10.0000元,9169391,-342789,-95748,-394639
3705,永信國際投資控股股份有限公司,生技醫療業,1.13,新台幣                 10.0000元,3107217,306908,62853,287925
3706,神達投資控股股份有限公司,電腦及週邊設備業,1.47,新台幣                 10.0000元,24596084,512893,893137,1171784
3708,上緯國際投資控股股份有限公司,化學工業,1.29,新台幣                 10.0000元,2134580,16882,121338,116628
4104,佳醫健康事業股份有限公司,生技醫療業,1.77,新台幣                 10.0000元,3004093,262456,46880,262816
4106,雃博股份有限公司,生技醫療業,0.9,新台幣                 10.0000元,1011121,105150,-7210,74711
4108,懷特生技新藥股份有限公司,生技醫療業,-0.47,新台幣                 10.0000元,18697,-101977,7231,-94746
4119,旭富製藥科技股份有限公司,生技醫療業,1.15,新台幣                 10.0000元,612823,115732,-233,91125
4133,亞諾法生技股份有限公司,生技醫療業,0.49,新台幣                 10.0000元,242005,30564,3518,28884
4137,麗豐股份有限公司,生技醫療業,3.2,新台幣                 10.0000元,1482761,373906,-4147,251914
4141,龍燈環球農業科技有限公司,生技醫療業,-1.95,新台幣                 10.0000元,4272574,-58566,-162436,-296813
4142,國光生物科技股份有限公司,生技醫療業,-1.47,新台幣                 10.0000元,125390,-417893,67610,-350283
4144,康聯控股有限公司,生技醫療業,1.78,新台幣                 10.0000元,1399689,208226,33200,167893
4148,全宇生技控股有限公司,生技醫療業,2.9,新台幣                 10.0000元,1029274,203477,9108,200620
4164,承業生醫投資控股股份有限公司,生技醫療業,0.66,新台幣                 10.0000元,1037054,160244,-40406,92253
4190,佐登妮絲集團股份有限公司,生技醫療業,1.59,新台幣                 10.0000元,1064212,126592,3521,92954
4306,炎洲股份有限公司,塑膠工業,0.25,新台幣                 10.0000元,8632384,191710,-29799,106165
4414,如興股份有限公司,紡織纖維,-0.99,新台幣                 10.0000元,1175685,-155966,-40915,-196116
4426,利勤實業股份有限公司,紡織纖維,0.98,新台幣                 10.0000元,1008244,205570,-31659,110630
4438,廣越企業股份有限公司,紡織纖維,-0.32,新台幣                 10.0000元,2711009,-26325,-6482,-25940
4526,東台精機股份有限公司,電機機械,-0.57,新台幣                 10.0000元,4283532,-8334,-156818,-161753
4532,瑞智精密股份有限公司,電機機械,1.22,新台幣                 10.0000元,10035776,782393,6064,597778
4536,拓凱實業股份有限公司,其他,2.53,新台幣                 10.0000元,2845413,308562,-41825,217441
4545,銘鈺精密工業股份有限公司,電子零組件業,-1.12,新台幣                 10.0000元,952907,-42037,-67215,-86490
4551,智伸科技股份有限公司,電機機械,3.23,新台幣                 10.0000元,1879687,434013,-56296,264401
4552,力達控股有限公司,電機機械,4.26,新台幣                 10.0000元,3775986,659031,-13842,425821
4555,台灣氣立股份有限公司,電機機械,0.93,新台幣                 10.0000元,682686,83070,-4862,62261
4557,永新控股股份有限公司,電機機械,3.28,新台幣                 10.0000元,676720,132465,-1558,117665
4560,強信機械科技股份有限公司,電機機械,1.8,新台幣                 10.0000元,644134,146346,9893,107230
4562,穎漢科技股份有限公司,電機機械,1.01,新台幣                 10.0000元,712341,105871,-21181,61039
4720,德淵企業股份有限公司,化學工業,0.13,新台幣                 10.0000元,1320102,23380,-8237,10574
4722,國精化學股份有限公司,化學工業,1.31,新台幣                 10.0000元,2319058,160750,-5928,124512
4725,信昌化學工業股份有限公司,化學工業,-0.74,新台幣                 10.0000元,6713898,-111949,-105054,-217003
4737,華廣生技股份有限公司,生技醫療業,0.9,新台幣                 10.0000元,807380,96079,-29926,55300
4746,台耀化學股份有限公司,生技醫療業,1.92,新台幣                 10.0000元,1244658,268205,-45333,171065
4755,三福化工股份有限公司,化學工業,1.92,新台幣                 10.0000元,1878514,217506,2760,173934
4763,濟南大自然新材料股份有限公司,化學工業,2.12,新台幣                 10.0000元,737159,122487,-15188,95835
4807,日成控股股份有限公司,貿易百貨,1.63,新台幣                 10.0000元,994094,157481,-7243,103686
4904,遠傳電信股份有限公司,通信網路業,1.77,新台幣                 10.0000元,44416228,7566788,-582396,5762123
4906,正文科技股份有限公司,通信網路業,0.77,新台幣                 10.0000元,7204162,236853,39872,233028
4912,聯德控股股份有限公司,電子零組件業,2.58,新台幣                 10.0000元,1752741,109765,22219,106947
4915,致伸科技股份有限公司,電子零組件業,2,新台幣                 10.0000元,26716372,1125566,144413,948910
4916,事欣科技股份有限公司,電腦及週邊設備業,0.67,新台幣                 10.0000元,1705356,75524,23039,73012
4919,新唐科技股份有限公司,半導體業,1.63,新台幣                 10.0000元,4529262,335309,62063,338967
4927,泰鼎國際股份有限公司,電子零組件業,0.54,新台幣                 10.0000元,4758664,73120,11263,68267
4930,燦星網通股份有限公司,電器電纜,-0.75,新台幣                 10.0000元,5590190,-95631,-54905,-175257
4934,太極能源科技股份有限公司,光電業,-1.9,新台幣                 10.0000元,2508395,-354519,-321919,-677910
4935,茂林光電科技(開曼)股份有限公司,光電業,1.22,新台幣                 10.0000元,2689723,165999,-4250,159360
4938,和碩聯合科技股份有限公司,電腦及週邊設備業,2.84,新台幣                 10.0000元,479379730,9963099,9738,7838887
4942,嘉彰股份有限公司,光電業,1,新台幣                 10.0000元,3006457,239918,-23871,139864
4943,開曼康而富控股股份有限公司,電子零組件業,0.44,新台幣                 10.0000元,1269797,96502,-26057,42045
4952,凌通科技股份有限公司,半導體業,1.7,新台幣                 10.0000元,1613733,219657,-3792,184658
4956,光鋐科技股份有限公司,光電業,0.27,新台幣                 10.0000元,660566,52585,-21059,27220
4958,臻鼎科技控股股份有限公司,電子零組件業,0.68,新台幣                 10.0000元,33262366,887943,-51669,636937
4960,奇美材料科技股份有限公司,光電業,-1.35,新台幣                 10.0000元,5504982,-813102,-86467,-779622
4968,立積電子股份有限公司,半導體業,0.45,新台幣                 10.0000元,1246316,134026,-103654,24713
4976,佳凌科技股份有限公司,光電業,0.05,新台幣                 10.0000元,725036,2873,4066,5680
4977,眾達科技股份有限公司,通信網路業,2.94,新台幣                 10.0000元,955280,141343,21720,164500
4984,科納光通股份有限公司,通信網路業,0.27,新台幣                 10.0000元,411062,11841,4893,12400
4994,傳奇網路遊戲股份有限公司,資訊服務業,-1.08,新台幣                 10.0000元,465827,-122135,96,-120010
4999,鑫禾科技股份有限公司,電子零組件業,1.8,新台幣                 10.0000元,1141313,249839,-56707,132660
5007,三星科技股份有限公司,鋼鐵工業,1.79,新台幣                 10.0000元,3581446,655466,25415,539195
5203,訊連科技股份有限公司,資訊服務業,1.16,新台幣                 10.0000元,886306,314617,-157682,104952
5215,科嘉(開曼)股份有限公司,電腦及週邊設備業,-0.53,新台幣                 10.0000元,725222,10073,-33004,-32201
5225,東科控股股份有限公司,其他電子業,-0.55,新台幣                 10.0000元,3224556,-53401,37219,-33272
5234,達興材料股份有限公司,光電業,2.03,新台幣                 10.0000元,1839905,218257,-5208,189112
5243,乙盛精密工業股份有限公司,光電業,1.15,新台幣                 10.0000元,5337569,251584,-30578,198279
5258,虹堡科技股份有限公司,電腦及週邊設備業,0.02,新台幣                 10.0000元,1267194,62264,-31056,7796
5259,清惠光電股份有限公司,光電業,-1.7,新台幣                 10.0000元,107170,-39357,-18088,-57445
5264,鎧勝控股有限公司,電腦及週邊設備業,2.11,新台幣                 10.0000元,14210702,819585,107738,715378
5269,祥碩科技股份有限公司,半導體業,1.76,新台幣                 10.0000元,1513280,368219,-243425,99760
5284,經寶精密控股股份有限公司,其他,2.84,新台幣                 10.0000元,608223,112997,20719,109308
5285,界霖科技股份有限公司,半導體業,1.14,新台幣                 10.0000元,1287273,118933,-16067,85136
5288,開曼商豐祥控股股份有限公司,電機機械,3.17,新台幣                 10.0000元,1980821,249762,33407,208662
5305,敦南科技股份有限公司,半導體業,0.84,新台幣                 10.0000元,5185997,533782,38744,445207
5388,中磊電子股份有限公司,通信網路業,2.25,新台幣                 10.0000元,17627288,628525,22476,524703
5434,崇越科技股份有限公司,電子通路業,2.86,新台幣                 10.0000元,11399108,553931,94090,474805
5469,瀚宇博德股份有限公司,電子零組件業,0.42,新台幣                 10.0000元,18055005,451272,20298,204217
5471,松翰科技股份有限公司,半導體業,0.7,新台幣                 10.0000元,1674805,147869,-2070,117465
5484,慧友電子股份有限公司,光電業,-0.31,新台幣                 10.0000元,347216,-38761,1138,-35926
5515,建國工程股份有限公司,建材營造,0.11,新台幣                 10.0000元,2330029,56507,-10445,37667
5519,隆大營建事業股份有限公司,建材營造,0.64,新台幣                 10.0000元,1168211,121155,22508,116753
5521,工信工程股份有限公司,建材營造,0.08,新台幣                 10.0000元,2058616,48272,-14512,24062
5522,遠雄建設事業股份有限公司,建材營造,0.9,新台幣                 10.0000元,7218815,1066888,-284992,754960
5525,順天建設股份有限公司,建材營造,0.01,新台幣                 10.0000元,392688,14871,-4729,2371
5531,鄉林建設事業股份有限公司,建材營造,-0.22,新台幣                 10.0000元,600899,-193108,-47679,-250666
5533,皇鼎建設開發股份有限公司,建材營造,0.23,新台幣                 10.0000元,1049207,134647,-57880,64631
5534,長虹建設股份有限公司,建材營造,4.24,新台幣                 10.0000元,2591938,984577,387859,1230974
5538,開曼東明控股股份有限公司,鋼鐵工業,1.39,新台幣                 10.0000元,3361745,327836,-4811,234961
5607,遠雄自貿港投資控股股份有限公司,航運業,0.55,新台幣                 10.0000元,700037,164253,-22612,122269
5608,四維航業股份有限公司,航運業,-1.59,新台幣                 10.0000元,1633317,-478406,-238332,-728222
5706,鳳凰國際旅行社股份有限公司,觀光事業,1.15,新台幣                 10.0000元,1203011,70204,12759,69664
5871,中租控股股份有限公司,其他,3.82,新台幣                 10.0000元,19227185,5596057,450907,4515636
5906,台南企業(開曼)股份有限公司,貿易百貨,-0.92,新台幣                 10.0000元,348957,-26776,-801,-27577
5907,大洋百貨集團控股股份有限公司,貿易百貨,0.46,新台幣                 10.0000元,2896304,455781,-163196,81869
6005,群益金鼎證券股份有限公司,金融保險業,0.49,新台幣                 10.0000元,3963779,958270,383754,1200412
6108,競國實業股份有限公司,電子零組件業,1.22,新台幣                 10.0000元,4132229,203345,29598,195169
6112,聚碩科技股份有限公司,資訊服務業,1.32,新台幣                 10.0000元,5268700,170895,-6518,133437
6115,鎰勝工業股份有限公司,電子零組件業,1.03,新台幣                 10.0000元,3255388,384475,-109994,191230
6116,瀚宇彩晶股份有限公司,光電業,0.89,新台幣                 10.0000元,10933789,2821150,183468,2869559
6117,迎廣科技股份有限公司,電腦及週邊設備業,-1.55,新台幣                 10.0000元,893452,-141107,-23946,-144109
6120,達運精密工業股份有限公司,光電業,0.32,新台幣                 10.0000元,14213566,199285,134958,214802
6128,上福全球科技股份有限公司,電腦及週邊設備業,1.37,新台幣                 10.0000元,900012,182418,-30171,119713
6131,悠克國際股份有限公司,光電業,-0.3,新台幣                 10.0000元,21921,-28471,-1923,-30432
6133,金橋科技股份有限公司,電子零組件業,0,新台幣                 10.0000元,597761,22912,-17986,404
6136,富爾特科技股份有限公司,通信網路業,0.61,新台幣                 10.0000元,359520,-9559,86200,71436
6139,亞翔工程股份有限公司,其他電子業,1.68,新台幣                 10.0000元,11141748,505030,122760,484698
6141,柏承科技股份有限公司,電子零組件業,0.88,新台幣                 10.0000元,1795047,156946,-24197,114390
6142,友勁科技股份有限公司,通信網路業,-0.24,新台幣                 10.0000元,1767319,-55260,-9349,-64609
6145,勁永國際股份有限公司,電子通路業,-0.18,新台幣                 10.0000元,979314,-61909,-4603,-57356
6152,百一電子股份有限公司,通信網路業,0.07,新台幣                 10.0000元,4131972,1668,-1490,9306
6153,嘉聯益科技股份有限公司,電子零組件業,-0.26,新台幣                 10.0000元,5858466,-27732,-78359,-84896
6155,鈞寶電子工業股份有限公司,電子零組件業,-0.01,新台幣                 10.0000元,332212,40274,-43801,-1250
6164,華興電子工業股份有限公司,光電業,0.36,新台幣                 10.0000元,674271,46703,5322,36162
6165,捷泰精密工業股份有限公司,電子零組件業,-0.28,新台幣                 10.0000元,14963,-17216,3262,-13954
6166,凌華科技股份有限公司,電腦及週邊設備業,0.67,新台幣                 10.0000元,5023419,222185,-33590,145406
6168,宏齊科技股份有限公司,光電業,0.27,新台幣                 10.0000元,1414308,97060,-37814,54530
6172,互億科技股份有限公司,電腦及週邊設備業,-0.2,新台幣                 10.0000元,114487,-4212,-1753,-5980
6176,瑞儀光電股份有限公司,光電業,3.19,新台幣                 10.0000元,25144076,2462876,-404523,1481906
6177,達麗建設事業股份有限公司,建材營造,3.85,新台幣                 10.0000元,3532849,850919,-40617,791807
6183,關貿網路股份有限公司,資訊服務業,0.9,新台幣                 10.0000元,635771,154099,5428,133939
6184,大豐有線電視股份有限公司,其他,0.86,新台幣                 10.0000元,898196,157520,-15581,122134
6189,豐藝電子股份有限公司,電子通路業,0.62,新台幣                 10.0000元,8612913,228320,-68904,128409
6191,精成科技股份有限公司,電子零組件業,0.07,新台幣                 10.0000元,9893913,183985,-45693,43345
6192,巨路國際股份有限公司,其他電子業,1.91,新台幣                 10.0000元,2201876,322772,-12093,226589
6196,帆宣系統科技股份有限公司,其他電子業,1.67,新台幣                 10.0000元,10081317,373509,-10532,278306
6197,佳必琪國際股份有限公司,電子零組件業,0.9,新台幣                 10.0000元,2046888,163820,21069,155531
6201,亞弘電科技股份有限公司,其他電子業,0.66,新台幣                 10.0000元,1374144,75782,-2552,59196
6202,盛群半導體股份有限公司,半導體業,1.83,新台幣                 10.0000元,2240925,433639,46215,417954
6205,詮欣股份有限公司,電子零組件業,0.92,新台幣                 10.0000元,916033,117166,-30999,66011
6206,飛捷科技股份有限公司,電腦及週邊設備業,2.53,新台幣                 10.0000元,3304942,507771,-86953,365898
6209,今國光學工業股份有限公司,光電業,-0.31,新台幣                 10.0000元,1836647,-108575,39103,-58232
6213,聯茂電子股份有限公司,電子零組件業,1.87,新台幣                 10.0000元,9975151,913459,9213,565481
6214,精誠資訊股份有限公司,資訊服務業,2.34,新台幣                 10.0000元,7788316,285388,336296,572586
6215,和椿科技股份有限公司,其他電子業,0.6,新台幣                 10.0000元,881845,49602,7606,49918
6216,居易科技股份有限公司,通信網路業,1.18,新台幣                 10.0000元,517794,146332,-39683,95205
6224,聚鼎科技股份有限公司,電子零組件業,1.87,新台幣                 10.0000元,745938,186048,-5987,146489
6225,天瀚科技股份有限公司,光電業,-0.06,新台幣                 10.0000元,1048,-10599,4430,-6169
6226,光鼎電子股份有限公司,光電業,0.28,新台幣                 10.0000元,518778,31249,12139,24814
6230,超眾科技股份有限公司,電腦及週邊設備業,2.35,新台幣                 10.0000元,3227995,340998,-51002,202697
6235,華孚科技股份有限公司,電腦及週邊設備業,-0.11,新台幣                 10.0000元,1384848,93110,-50635,-18076
6239,力成科技股份有限公司,半導體業,3.31,新台幣                 10.0000元,26587900,4101272,8709,3267411
6243,迅杰科技股份有限公司,半導體業,-1.09,新台幣                 10.0000元,218414,-62383,-19588,-81971
6251,定穎電子股份有限公司,電子零組件業,0.17,新台幣                 10.0000元,5691455,41858,-14591,47234
6257,矽格股份有限公司,半導體業,0.97,新台幣                 10.0000元,2921753,471917,-41173,343003
6269,台郡科技股份有限公司,電子零組件業,2.15,新台幣                 10.0000元,7984118,1127401,-215913,610852
6271,同欣電子工業股份有限公司,半導體業,1.77,新台幣                 10.0000元,3653611,389602,-60447,290187
6277,宏正自動科技股份有限公司,電腦及週邊設備業,2.74,新台幣                 10.0000元,2336287,390111,20108,329639
6278,台灣表面黏著科技股份有限公司,光電業,0.94,新台幣                 10.0000元,13371014,324675,59048,272572
6281,全國電子股份有限公司,電子通路業,2.79,新台幣                 10.0000元,8351937,324257,9610,277032
6282,康舒科技股份有限公司,電子零組件業,0.26,新台幣                 10.0000元,8707206,194852,19814,155222
6283,淳安電子股份有限公司,通信網路業,0.21,新台幣                 10.0000元,326963,8502,22131,28157
6285,啟眲鴔猼悒鬫陪迨膝q,通信網路業,3.35,新台幣                 10.0000元,27196004,1399210,85904,1159827
6289,華上光電股份有限公司,光電業,-0.07,新台幣                 10.0000元,102363,-138819,130059,-18138
6405,悅城科技股份有限公司,光電業,-0.28,新台幣                 10.0000元,373120,7049,-30339,-18223
6409,旭隼科技股份有限公司,其他電子業,8.61,新台幣                 10.0000元,4677247,886613,-90696,672081
6412,群光電能科技股份有限公司,電子零組件業,1.72,新台幣                 10.0000元,12875284,644157,161212,632072
6414,樺漢科技股份有限公司,電腦及週邊設備業,6.17,新台幣                 10.0000元,7885992,493710,141773,571998
6415,矽力杰股份有限公司,半導體業,10.26,新台幣                 10.0000元,4015173,877718,15444,866707
6422,君耀控股股份有限公司,電子零組件業,2.05,新台幣                 10.0000元,1256337,141708,-1023,83717
6431,光麗光電科技股份有限公司,光電業,-1.28,新台幣                 10.0000元,63364,-58379,-2241,-58271
6442,光紅建聖股份有限公司,通信網路業,0.45,新台幣                 10.0000元,1581875,116209,-66051,29566
6443,元晶太陽能科技股份有限公司,光電業,-1.03,新台幣                 10.0000元,3256443,-376704,-47275,-438614
6449,鈺邦科技股份有限公司,電子零組件業,0.89,新台幣                 10.0000元,800019,129446,-47083,63159
6451,訊芯科技控股股份有限公司,半導體業,1.11,新台幣                 10.0000元,1498712,166789,-67654,117067
6452,康友製藥控股有限公司,生技醫療業,6.96,新台幣                 10.0000元,1935140,513228,18460,446210
6456,GIS Holding Limited,光電業,7.64,新台幣                 10.0000元,41586659,3058987,93872,2356600
6464,台灣數位光訊科技股份有限公司,其他,2.4,新台幣                 10.0000元,1483942,387954,4449,297131
6477,安集科技股份有限公司,光電業,0.16,新台幣                 10.0000元,392647,39474,-21628,12902
6504,南六企業股份有限公司,其他,3.4,新台幣                 10.0000元,3099726,324373,10497,246893
6505,台塑石化股份有限公司,油電燃氣業,3.64,新台幣                 10.0000元,303403322,42742733,-731048,34673023
6525,捷敏股份有限公司,半導體業,2.39,新台幣                 10.0000元,1451785,377724,-58069,254701
6531,愛普科技股份有限公司,半導體業,1.81,新台幣                 10.0000元,2316803,258978,-92208,108092
6533,晶心科技股份有限公司,半導體業,0.09,新台幣                 10.0000元,165188,8390,-3696,3417
6552,易華電子股份有限公司,半導體業,-0.21,新台幣                 10.0000元,619587,-8995,-11885,-20778
6579,研揚科技股份有限公司,電腦及週邊設備業,2.99,新台幣                 10.0000元,2803139,278774,85159,316812
6582,申豐特用應材股份有限公司,橡膠工業,2.1,新台幣                 10.0000元,1700650,270575,-15675,200298
6605,帝寶工業股份有限公司,電機機械,2.22,新台幣                 10.0000元,7878295,937258,-378387,360538
8011,台通光電股份有限公司,通信網路業,0.43,新台幣                 10.0000元,988579,49227,-17097,7953
8016,矽創電子股份有限公司,半導體業,3.12,新台幣                 10.0000元,4352617,413830,11522,380944
8021,尖點科技股份有限公司,其他電子業,0.72,新台幣                 10.0000元,1537048,146535,4980,110605
8033,雷虎科技股份有限公司,其他,-0.36,新台幣                 10.0000元,381506,-35671,-6980,-44130
8039,台虹科技股份有限公司,電子零組件業,1.42,新台幣                 10.0000元,5089470,459111,-59123,293485
8046,南亞電路板股份有限公司,電子零組件業,-1.65,新台幣                 10.0000元,12943408,-826809,-238198,-1065369
8070,長華電材股份有限公司,電子通路業,8.34,新台幣                 10.0000元,6390263,433574,335006,585587
8072,陞泰科技股份有限公司,光電業,-0.08,新台幣                 10.0000元,541123,15078,-17483,-4878
8081,致新科技股份有限公司,半導體業,1.93,新台幣                 10.0000元,1800643,166676,21674,165499
8101,華冠通訊股份有限公司,通信網路業,-0.46,新台幣                 10.0000元,8612697,-394222,130606,-191736
8103,瀚荃股份有限公司,電子零組件業,1.09,新台幣                 10.0000元,1297210,171242,-30854,88246
8105,凌巨科技股份有限公司,光電業,0.7,新台幣                 10.0000元,6026940,584988,-167120,310189
8110,華東科技股份有限公司,半導體業,0.32,新台幣                 10.0000元,4469399,319925,-123645,153328
8112,至上電子股份有限公司,電子通路業,1.8,新台幣                 10.0000元,56546261,993002,-69017,705688
8114,振樺電子股份有限公司,電腦及週邊設備業,3.33,新台幣                 10.0000元,2327956,393253,-75606,261024
8131,福懋科技股份有限公司,半導體業,1.17,新台幣                 10.0000元,4110012,599258,19365,518373
8150,南茂科技股份有限公司,半導體業,3.2,新台幣                 10.0000元,9101534,1502994,-487479,2701454
8163,達方電子股份有限公司,電腦及週邊設備業,0.82,新台幣                 10.0000元,8324641,257546,28706,229293
8201,無敵科技股份有限公司,其他電子業,-1.07,新台幣                 10.0000元,624687,-59175,-7243,-66909
8210,勤誠興業股份有限公司,電腦及週邊設備業,1.92,新台幣                 10.0000元,2550013,353642,-35647,229437
8213,志超科技股份有限公司,電子零組件業,1.24,新台幣                 10.0000元,10662394,505784,-12908,347688
8215,明基材料股份有限公司,光電業,0.71,新台幣                 10.0000元,5747631,211941,23944,229034
8222,寶一科技股份有限公司,電機機械,0.22,新台幣                 10.0000元,425866,22652,-3981,14883
8249,菱光科技股份有限公司,電子零組件業,0.87,新台幣                 10.0000元,1929955,136670,13606,110665
8261,富鼎先進電子股份有限公司,半導體業,-0.15,新台幣                 10.0000元,854401,3412,-13892,-12516
8271,宇瞻科技股份有限公司,半導體業,1.87,新台幣                 10.0000元,4568877,233274,2881,188052
8341,日友環保科技股份有限公司,其他,3.64,新台幣                 10.0000元,912482,406487,70496,406393
8374,羅昇企業股份有限公司,電機機械,0.97,新台幣                 10.0000元,1853628,95858,6438,84554
8404,百和興業股份有限公司(開曼),其他,0.82,新台幣                 10.0000元,1897841,323503,-8951,232015
8411,福貞控股股份有限公司,其他,0.81,新台幣                 10.0000元,3125243,153654,34598,142646
8422,可寧衛股份有限公司,其他,6.28,新台幣                 10.0000元,1308159,796759,8235,683405
8427,基勝（開曼）控股股份有限公司,其他,1.55,新台幣                 10.0000元,2965796,236106,37432,161521
8429,金麗集團控股有限公司,貿易百貨,1.74,新台幣                 10.0000元,2399770,450935,9312,298179
8442,威宏控股股份有限公司,其他,-0.58,新台幣                 10.0000元,2366567,-2063,-2193,-29022
8454,富邦媒體科技股份有限公司,貿易百貨,4.73,新台幣                 10.0000元,15274820,681602,101153,659311
8463,潤泰精密材料股份有限公司,其他,0.32,新台幣                 10.0000元,1358812,67702,-9297,47843
8464,億豐綜合工業股份有限公司,其他,6.08,新台幣                 10.0000元,9603786,2477354,-64302,1803478
8466,美吉吉國際股份有限公司,其他,3.57,新台幣                 10.0000元,1838362,303452,-19008,236075
8467,波力環球企業股份有限公司,其他,0.21,新台幣                 10.0000元,682118,25673,-12761,10406
8473,山林水環境工程股份有限公司,其他,1.71,新台幣                 10.0000元,1266774,344664,-36355,267200
8480,泰昇國際(控股)有限公司,其他,3.34,新台幣                 10.0000元,726137,121569,14446,117940
8481,政伸企業股份有限公司,其他,1.36,新台幣                 10.0000元,518048,113647,-2840,87992
8488,吉源控股股份有限公司,其他,0.77,新台幣                 10.0000元,1667625,92841,-4279,51673
8926,台灣汽電共生股份有限公司,油電燃氣業,0.73,新台幣                 10.0000元,499442,30205,417001,427751
8940,新天地國際實業股份有限公司,觀光事業,0.19,新台幣                 10.0000元,761964,27674,-7647,13631
8996,高力熱處理工業股份有限公司,電機機械,0.21,新台幣                 10.0000元,878769,67699,-43030,18872
9802,鈺齊國際股份有限公司,其他,3.62,新台幣                 10.0000元,4919434,652821,-29076,497234
9902,台火開發股份有限公司,其他,0,新台幣                 10.0000元,25130,-8844,9325,112
9904,寶成工業股份有限公司,其他,1.45,新台幣                 10.0000元,136821816,8396371,2451722,8864160
9905,大華金屬工業股份有限公司,其他,0.96,新台幣                 10.0000元,3619910,307259,63193,293205
9906,欣巴巴事業股份有限公司,建材營造,0.34,新台幣                 10.0000元,359162,26089,-2116,23826
9907,統一實業股份有限公司,其他,0.19,新台幣                 10.0000元,15640646,622537,-197494,298213
9908,大台北區瓦斯股份有限公司,油電燃氣業,0.72,新台幣                 10.0000元,1906976,262281,184532,365801
9910,豐泰企業股份有限公司,其他,2.88,新台幣                 10.0000元,27663080,2461967,289245,2096451
9911,台灣櫻花股份有限公司,其他,1.28,新台幣                 10.0000元,2586655,319473,23938,280213
9912,偉聯科技股份有限公司,電腦及週邊設備業,0.02,新台幣                 10.0000元,344586,641,1435,1105
9914,美利達工業股份有限公司,其他,1.5,新台幣                 10.0000元,10041552,505889,118999,457852
9917,中興保全股份有限公司,其他,2.93,新台幣                 10.0000元,6398950,1057855,402978,1296945
9918,欣欣天然氣股份有限公司,油電燃氣業,0.87,新台幣                 10.0000元,1120492,160465,26281,155268
9919,康那香企業股份有限公司,其他,0.17,新台幣                 10.0000元,1921601,67289,-30898,27099
9921,巨大機械工業股份有限公司,其他,3.18,新台幣                 10.0000元,26941491,1661633,-14648,1196854
9924,台灣福興工業股份有限公司,其他,1.32,新台幣                 10.0000元,3906955,409412,-64766,255350
9925,台灣新光保全股份有限公司,其他,1.26,新台幣                 10.0000元,3568583,409290,143103,500339
9926,新海瓦斯股份有限公司,油電燃氣業,0.91,新台幣                 10.0000元,1126630,189166,10332,163306
9927,泰銘實業股份有限公司,其他,2.08,新台幣                 10.0000元,5277909,529699,2384,436766
9928,中國電視事業股份有限公司,其他,-1.24,新台幣                 10.0000元,357248,-237483,122646,-124105
9929,秋雨創新股份有限公司,其他,-0.05,新台幣                 10.0000元,334276,4036,-13112,-9076
9930,中聯資源股份有限公司,其他,1.43,新台幣                 10.0000元,3302177,359066,9478,308206
9931,欣高石油氣股份有限公司,油電燃氣業,0.92,新台幣                 10.0000元,598370,63952,54857,95588
9933,中鼎工程股份有限公司,其他,2.18,新台幣                 10.0000元,32479440,1352662,879371,1900076
9934,成霖企業股份有限公司,其他,1.15,新台幣                 10.0000元,9077902,588096,-24602,402411
9935,慶豐富實業股份有限公司,其他,0.51,新台幣                 10.0000元,1944564,134128,-38964,77592
9937,全國加油站股份有限公司,油電燃氣業,0.93,新台幣                 10.0000元,9472332,282661,56708,286060
9938,台灣百和工業股份有限公司,其他,2.67,新台幣                 10.0000元,5662183,1335956,-40476,900949
9939,宏全國際股份有限公司,其他,2.45,新台幣                 10.0000元,8992991,852447,115873,769826
9940,信義房屋仲介股份有限公司,其他,1.9,新台幣                 10.0000元,9273726,1744633,74000,1247936
9941,裕融企業股份有限公司,其他,4.11,新台幣                 10.0000元,9513747,1536322,26397,1220955
9942,茂順密封元件科技股份有限公司,其他,2.88,新台幣                 10.0000元,1527969,320815,775,240160
9943,好樂迪股份有限公司,觀光事業,2.25,新台幣                 10.0000元,1467007,269148,104945,328112
9944,新麗企業股份有限公司,其他,0.47,新台幣                 10.0000元,1712505,89380,-16177,54758
9945,潤泰創新國際股份有限公司,其他,1.12,新台幣                 10.0000元,4821930,354140,1442035,1675020
9946,三發地產股份有限公司(原:金革),建材營造,0.35,新台幣                 10.0000元,549966,96604,4078,92180
9955,佳龍科技工程股份有限公司,其他,-0.65,新台幣                 10.0000元,1105659,-58897,-9051,-66741
9958,世紀鋼鐵結構股份有限公司,鋼鐵工業,0.09,新台幣                 10.0000元,1113323,44483,-27274,13494
